"Gene","Module"
"RPS4Y1","grey"
"IFI27","black"
"IGHG1","tan"
"EIF1AY","grey"
"DEFA3","greenyellow"
"HLA-DRB4","grey"
"DEFA1","greenyellow"
"JCHAIN","tan"
"IGLC2","tan"
"CD177","yellow"
"HLA-DRB3","grey"
"DEFA1B","greenyellow"
"IGHG3","tan"
"IGHA1","tan"
"OLAH","yellow"
"IGLC1","tan"
"IGLC3","tan"
"IGKC","tan"
"OLFM4","greenyellow"
"DEFA4","greenyellow"
"MMP8","greenyellow"
"DDX3Y","grey"
"IGHG2","tan"
"LGALS2","brown"
"ARG1","yellow"
"RSAD2","black"
"HBA2","blue"
"LTF","greenyellow"
"GSTM1","grey"
"HLA-DRB5","brown"
"TMEM176B","brown"
"CTSG","greenyellow"
"IL1R2","yellow"
"IFI44L","black"
"MZB1","tan"
"HBG2","grey"
"LCN2","greenyellow"
"IGLL5","tan"
"IFIT1","black"
"ISG15","black"
"HBA1","blue"
"HBG1","grey"
"HBD","cyan"
"IGHG4","tan"
"MAOA","yellow"
"DAAM2","yellow"
"IGHM","tan"
"TMEM176A","brown"
"CEACAM8","greenyellow"
"LY6E","black"
"CXCL8","pink"
"CCL3L3","grey"
"IGHA2","tan"
"HLA-DQA2","brown"
"PI3","grey"
"SIGLEC1","black"
"VSIG4","yellow"
"BTNL3","grey"
"IL18R1","yellow"
"CA1","cyan"
"TNFRSF17","tan"
"ALAS2","cyan"
"ZDHHC19","yellow"
"BPI","greenyellow"
"OAS3","black"
"FCER1A","brown"
"ELANE","greenyellow"
"IGLC7","tan"
"EGR1","grey"
"AHSP","cyan"
"AZU1","greenyellow"
"PFKFB2","yellow"
"SERPING1","black"
"IFI6","black"
"CLC","brown"
"IFIT3","black"
"G0S2","grey"
"IFI44","black"
"TXNDC5","tan"
"CHIT1","greenyellow"
"F8A3","grey"
"CMPK2","black"
"UTS2","grey"
"HPGD","yellow"
"ORM1","green"
"PTGS2","turquoise"
"TBC1D3D","grey"
"MACIR","yellow"
"APOBEC3A","grey"
"RNASE3","greenyellow"
"MPO","greenyellow"
"HP","yellow"
"C4BPA","yellow"
"USP18","black"
"RNASE1","yellow"
"LILRA3","grey"
"RETN","greenyellow"
"TPST1","yellow"
"GNLY","brown"
"CRISP3","greenyellow"
"MS4A3","greenyellow"
"XAF1","black"
"RPSAP58","brown"
"NBPF26","turquoise"
"FOSB","grey"
"SIGLEC14","grey"
"EPSTI1","black"
"VNN1","yellow"
"APOBEC3B","grey"
"TCN1","greenyellow"
"MX1","black"
"GZMH","red"
"RPH3A","turquoise"
"OAS2","black"
"HBB","brown"
"CAMP","greenyellow"
"KDM5D","grey"
"OTOF","black"
"ECHDC3","yellow"
"CD24","greenyellow"
"CCL3L1","grey"
"TMIGD3","yellow"
"OAS1","black"
"CEACAM6","greenyellow"
"CERKL","blue"
"CD163","yellow"
"PRTN3","greenyellow"
"UTY","turquoise"
"MMP9","green"
"FKBP5","yellow"
"GBP1","black"
"METTL7B","grey"
"ORM2","green"
"TNNT1","brown"
"PGLYRP1","green"
"RNA5S1","blue"
"RNA5S10","blue"
"RNA5S11","blue"
"RNA5S12","blue"
"RNA5S13","blue"
"RNA5S14","blue"
"RNA5S15","blue"
"RNA5S16","blue"
"RNA5S17","blue"
"RNA5S2","blue"
"RNA5S3","blue"
"RNA5S4","blue"
"RNA5S5","blue"
"RNA5S6","blue"
"RNA5S7","blue"
"RNA5S8","blue"
"S100P","yellow"
"PRSS33","brown"
"HERC5","black"
"GRB10","yellow"
"IFIT2","black"
"RNA5S9","grey"
"ETV7","black"
"H2AC19","grey"
"SELENBP1","cyan"
"MT2A","black"
"ANKS1B","blue"
"CCNA1","yellow"
"GBP5","black"
"CD300H","grey"
"CCL4L2","brown"
"GATD3B","blue"
"MCEMP1","yellow"
"GATD3A","grey"
"H2BC17","black"
"RTP4","black"
"FCGR3B","turquoise"
"DDX60","black"
"ZNF608","turquoise"
"CCR3","brown"
"JUP","brown"
"CES1","grey"
"IL18RAP","yellow"
"PTPRCAP","brown"
"SERPINB10","greenyellow"
"OLR1","greenyellow"
"SNURF","pink"
"H4C8","black"
"OASL","black"
"ANXA3","yellow"
"MYL4","blue"
"SLC4A1","cyan"
"TPPP3","brown"
"MAL","brown"
"IL1R1","yellow"
"ALOX15B","yellow"
"COL9A2","yellow"
"APOBEC3A_B","turquoise"
"C1QB","blue"
"C19orf33","blue"
"ADAMTS2","yellow"
"CHI3L1","grey"
"H2AC18","blue"
"FOS","turquoise"
"FOLR3","green"
"FGFBP2","red"
"LOC100130520","grey"
"CX3CR1","red"
"ITM2C","tan"
"SAMSN1","yellow"
"GYPB","cyan"
"ASPH","yellow"
"CXCL10","black"
"ZBTB16","yellow"
"LRRC70","yellow"
"ATP5F1D","blue"
"PRF1","red"
"PTGDS","brown"
"GZMB","red"
"CRIP1","brown"
"GZMM","brown"
"RPS28","brown"
"GPR84","yellow"
"IL32","brown"
"BATF2","black"
"SAP30","yellow"
"S100B","grey"
"SCO2","black"
"CFD","blue"
"KCNMA1","yellow"
"IGHD","brown"
"C1QA","blue"
"FLT3","yellow"
"ANKRD22","yellow"
"CEBPE","blue"
"TBC1D3L","grey"
"CD7","brown"
"CLEC4D","yellow"
"HBM","blue"
"MYOM2","grey"
"SLC25A39","blue"
"BEX1","greenyellow"
"CCR7","brown"
"TCF7","red"
"TYMS","magenta"
"CLEC12A","grey"
"HSPB1","blue"
"BMX","yellow"
"C12orf57","brown"
"CSGALNACT2","turquoise"
"MME","turquoise"
"SULT1A4","grey"
"MS4A1","grey"
"IRAK3","yellow"
"CD8B","brown"
"H4C11","blue"
"ZASP","blue"
"IFITM3","black"
"CD79A","brown"
"CA4","green"
"CD274","turquoise"
"HLA-DQB1","brown"
"CARD17","black"
"CCL2","black"
"NDUFB7","blue"
"SLC51A","yellow"
"FCRL6","red"
"ATM","blue"
"CYP1B1","turquoise"
"TUBB1","turquoise"
"CD3E","brown"
"GZMA","red"
"GADD45A","yellow"
"TMEM119","yellow"
"ADAM17","turquoise"
"CCL4L1","brown"
"GP1BB","blue"
"CD8A","red"
"KLRK1","red"
"AREG","yellow"
"ODF3B","blue"
"CD3D","brown"
"CTSW","brown"
"ZAP70","brown"
"GZMK","brown"
"P2RY14","black"
"MGAM","turquoise"
"DPP7","blue"
"TCL1A","brown"
"TBC1D3C","grey"
"LIME1","blue"
"GSTT1","blue"
"LGALS3BP","black"
"NECTIN2","blue"
"IDO1","brown"
"IL7R","red"
"CLEC10A","salmon"
"DHRS9","yellow"
"FAM174C","blue"
"IRF7","black"
"PDZK1IP1","blue"
"COL17A1","greenyellow"
"PF4V1","grey"
"ITGA7","yellow"
"TNFAIP6","turquoise"
"ALOX15","brown"
"MGAM2","turquoise"
"HBE1","yellow"
"S100A12","yellow"
"IFIH1","black"
"PTGDR2","brown"
"PER1","yellow"
"EGR3","grey"
"LIPN","turquoise"
"IL1RAP","turquoise"
"NDUFS7","blue"
"SMN2","red"
"TRIM22","black"
"MIF","blue"
"CDK5RAP2","yellow"
"CLEC4C","grey"
"ANKRD34B","turquoise"
"C9orf16","blue"
"MYBL2","magenta"
"SAMD9L","black"
"LCK","brown"
"RRM2","magenta"
"TAS2R40","yellow"
"PHOSPHO1","blue"
"SEPTIN4","black"
"CD6","brown"
"CD27","brown"
"RNA28SN4","blue"
"CLEC12B","grey"
"KLRF1","red"
"VPREB3","brown"
"TARP","red"
"PCOLCE2","yellow"
"MARCO","blue"
"CD2","red"
"FAM3B","grey"
"ACSL1","turquoise"
"KLRB1","brown"
"CRIP2","blue"
"IGFBP2","blue"
"CNTNAP3","turquoise"
"AP3B2","yellow"
"EPB42","cyan"
"FLT3LG","brown"
"HLA-DPA1","brown"
"MYL9","purple"
"NKG7","brown"
"MZT2B","blue"
"MXRA7","yellow"
"CD247","red"
"AIM2","turquoise"
"HLA-DQA1","brown"
"ALPL","green"
"EGR2","pink"
"CST7","yellow"
"S1PR4","blue"
"CDKN1C","brown"
"CD4","brown"
"TMCC2","cyan"
"LRRK2","turquoise"
"POU2AF1","tan"
"RPL36","brown"
"SLPI","yellow"
"GIMAP5","brown"
"GBP4","black"
"TREML4","grey"
"MCRIP1","blue"
"TGFBI","salmon"
"SLFN5","black"
"FFAR3","green"
"PLIN5","green"
"DEFB1","black"
"H2BC5","turquoise"
"GNG8","blue"
"HLA-DRB1","brown"
"TACSTD2","greenyellow"
"PFKFB3","yellow"
"SIPA1L2","turquoise"
"EPCAM","yellow"
"ELAPOR1","grey"
"NAPSA","brown"
"AMPH","yellow"
"WFDC1","yellow"
"PPDPF","blue"
"CYP27A1","grey"
"PLAAT4","brown"
"NAPRT","blue"
"DPM3","blue"
"MZT2A","blue"
"HNRNPH2","turquoise"
"GALNT14","yellow"
"HLA-DPB1","brown"
"TDRD9","yellow"
"TRAPPC6A","brown"
"OSM","yellow"
"TIAM2","turquoise"
"CYSTM1","yellow"
"S1PR5","red"
"KCNJ2","turquoise"
"IFIT5","black"
"TNFRSF13B","tan"
"C3AR1","yellow"
"SULT1B1","turquoise"
"UGCG","yellow"
"XCL2","brown"
"H2BC7","turquoise"
"HERC6","black"
"RNA28SN3","grey"
"RPS26","brown"
"CASP5","yellow"
"PARP14","black"
"CD79B","brown"
"CFAP45","yellow"
"MS4A4A","yellow"
"IL5RA","brown"
"LGALS9C","grey"
"NSUN7","yellow"
"IRS2","yellow"
"KLHL2","yellow"
"PRG2","greenyellow"
"SPON2","brown"
"NOMO3","turquoise"
"GADD45GIP1","blue"
"ZCCHC2","black"
"RNASE2","greenyellow"
"MT1E","blue"
"EVL","brown"
"TROAP","magenta"
"LYZ","pink"
"CCL23","brown"
"MATK","brown"
"ERAP2","grey"
"CD160","red"
"SLC5A9","yellow"
"FUT7","blue"
"TARM1","greenyellow"
"KREMEN1","turquoise"
"PTPRC","turquoise"
"FUOM","blue"
"PRRG4","turquoise"
"SEPTIN1","brown"
"RESF1","turquoise"
"TNFRSF25","brown"
"NELL2","red"
"HBQ1","blue"
"KRT1","cyan"
"CSGALNACT1","turquoise"
"ADGRG1","red"
"TLR5","yellow"
"IFI35","black"
"C7orf50","blue"
"CXCL1","grey"
"GIMAP7","red"
"BCL7C","blue"
"C3orf86","green"
"CD300E","salmon"
"ITGA2B","purple"
"TRABD2A","brown"
"PVALB","grey"
"CLEC4E","yellow"
"SERF1B","grey"
"RAB43","green"
"FCER2","brown"
"C1QC","grey"
"RPLP1","brown"
"APOL6","black"
"TREX1","blue"
"DHX58","black"
"IL1RL1","yellow"
"CHTF8","turquoise"
"LEF1","red"
"CLEC1B","purple"
"NOP53","brown"
"PTX3","greenyellow"
"SAMD9","black"
"KBTBD7","yellow"
"KLRC2","red"
"EXOSC4","green"
"MAK","turquoise"
"ARMC12","yellow"
"OSBPL1A","turquoise"
"ABCA1","turquoise"
"GP9","blue"
"KLRG1","red"
"FCGR1A","black"
"CCR1","black"
"MFGE8","yellow"
"IL1B","turquoise"
"C20orf27","blue"
"GBP3","black"
"CBS","green"
"CCL5","red"
"ELOB","blue"
"DUSP13","yellow"
"THBS1","yellow"
"ASGR2","blue"
"KCNE1","yellow"
"PPBP","purple"
"POLR2L","blue"
"SIVA1","blue"
"DUSP2","brown"
"BTN3A1","black"
"PLSCR1","black"
"LAP3","black"
"PRUNE2","turquoise"
"KLRC3","red"
"PAXX","brown"
"SLC26A8","turquoise"
"SGK1","red"
"BGLAP","blue"
"TSPO","blue"
"MICOS13","blue"
"AQP10","purple"
"SAP25","blue"
"CEACAM1","turquoise"
"CPEB4","turquoise"
"NAMPT","turquoise"
"LUC7L2","pink"
"KLF9","yellow"
"SPATS2L","black"
"TNNT3","grey"
"TBX21","red"
"MTRNR2L6","blue"
"MAP3K7CL","red"
"RGS18","turquoise"
"SERPINB2","turquoise"
"SMTNL1","black"
"NRN1","yellow"
"NCR3","brown"
"PROK2","turquoise"
"HDC","brown"
"GYG1","yellow"
"SPNS3","blue"
"RGL4","green"
"VCAN","pink"
"EIF2AK2","black"
"NBPF10","turquoise"
"BCL6","turquoise"
"APRT","brown"
"CR1","turquoise"
"VSTM1","grey"
"DSC2","turquoise"
"ITPKC","yellow"
"IL3RA","blue"
"CDK1","magenta"
"ITGB7","red"
"PXYLP1","yellow"
"CSF1R","salmon"
"SMIM11B","grey"
"MOV10","black"
"NME3","blue"
"PLAC8","black"
"CDC20","magenta"
"HLA-DRA","red"
"SIGIRR","brown"
"INAFM1","blue"
"STAT1","black"
"LFNG","brown"
"NECAB2","green"
"TCN2","grey"
"B3GNT8","blue"
"TSSC4","blue"
"FCAR","turquoise"
"ST6GALNAC3","yellow"
"DGCR6L","blue"
"PARP9","black"
"WLS","turquoise"
"CD320","brown"
"CITED4","blue"
"NAIP","turquoise"
"IL2RB","red"
"TBC1D3E","grey"
"PGM5","grey"
"RASSF7","blue"
"TRAT1","red"
"RPS19","brown"
"H2AC8","blue"
"B3GNT5","turquoise"
"IFIT1B","cyan"
"MEGF9","turquoise"
"PWP2","grey"
"ERLIN1","yellow"
"GYPC","brown"
"TRPM2","blue"
"TMSB4Y","grey"
"ETS1","red"
"PELI1","turquoise"
"RNA28SN2","grey"
"MRPL41","blue"
"SLAMF7","red"
"ZNF524","blue"
"DERL3","tan"
"ITK","red"
"NAT8B","purple"
"TMEM123","black"
"LAIR2","brown"
"FAM126B","turquoise"
"CD36","salmon"
"KLRC4","red"
"CMTM5","purple"
"METTL26","blue"
"SCAND1","blue"
"KRT72","brown"
"BTG2","turquoise"
"PDK4","turquoise"
"SPDYC","grey"
"ZNF354A","turquoise"
"TLE5","brown"
"ALKBH7","blue"
"CD52","brown"
"AOC1","grey"
"HMGB2","yellow"
"RPLP2","brown"
"DUSP1","turquoise"
"STMN3","brown"
"BTNL8","turquoise"
"CD5","brown"
"RPL36A-HNRNPH2","grey"
"H4C12","grey"
"TP53I13","brown"
"RP2","turquoise"
"TGFA","turquoise"
"MYZAP","grey"
"MTARC1","turquoise"
"GGH","magenta"
"RUNDC3A","cyan"
"ADGRE1","grey"
"SIRPG","brown"
"PARP12","black"
"ANO9","brown"
"GPR162","brown"
"RBL2","pink"
"ZBP1","black"
"CDK5R1","turquoise"
"IRF2BPL","yellow"
"SKAP1","brown"
"PSTPIP2","turquoise"
"SELENOM","brown"
"HAPLN3","brown"
"NDUFS8","blue"
"TMTC1","turquoise"
"SYNC","blue"
"SORL1","turquoise"
"F13A1","purple"
"RPL13","brown"
"BIN1","brown"
"GALNT4","turquoise"
"HERC3","turquoise"
"LLCFC1","green"
"PLIN4","green"
"JOSD2","blue"
"SOCS3","turquoise"
"TIGD3","blue"
"FOXH1","blue"
"ZNF683","brown"
"ATP11B","turquoise"
"TK1","magenta"
"MANSC1","turquoise"
"PLAAT2","tan"
"SEC11C","tan"
"DDIT4","yellow"
"SLC29A1","brown"
"KLHL8","yellow"
"NDUFA11","blue"
"DUSP6","pink"
"SDF2L1","blue"
"PID1","brown"
"SYN3","green"
"MUSTN1","green"
"NUBP2","blue"
"AGFG1","yellow"
"OSBP2","cyan"
"FAM20A","grey"
"TBC1D3K","grey"
"VNN2","turquoise"
"CPVL","salmon"
"PTCRA","purple"
"CHCHD5","blue"
"TLR8","turquoise"
"ACCS","blue"
"CNPY3-GNMT","grey"
"H2BC9","black"
"CYP4F3","turquoise"
"CEACAM4","green"
"C2","black"
"TENT5C","tan"
"PRDX2","brown"
"KAZN","turquoise"
"LAT","brown"
"UBE2L6","black"
"HCAR3","grey"
"MED13L","turquoise"
"NUDT1","blue"
"RPL18A","brown"
"CXCR2","turquoise"
"CTSL","salmon"
"ARL4C","red"
"RNH1","blue"
"GSTM2","brown"
"EVI2B","turquoise"
"GRAP","brown"
"AQP3","brown"
"FKBP11","tan"
"LTB","brown"
"CD300LD","yellow"
"LYPD2","brown"
"NBPF19","turquoise"
"TOB1","turquoise"
"HLA-DMB","brown"
"ETS2","yellow"
"CEACAM21","blue"
"SLC37A3","turquoise"
"PLXNC1","turquoise"
"GALM","black"
"OSBPL8","turquoise"
"GCA","turquoise"
"LRRC6","turquoise"
"PTTG1","magenta"
"SRPK1","turquoise"
"F2RL1","turquoise"
"PRDM5","turquoise"
"ADCY3","grey"
"GNG10","turquoise"
"GSTP1","brown"
"MPZL1","turquoise"
"TMIGD2","brown"
"LYL1","blue"
"CCN3","grey"
"GGTA1P","greenyellow"
"RNF169","turquoise"
"CLEC5A","turquoise"
"ZNF429","turquoise"
"SAMD3","red"
"CRYBB2","blue"
"WDFY3","turquoise"
"THBD","turquoise"
"TREML1","purple"
"RASGEF1A","yellow"
"PARP10","blue"
"GALK1","blue"
"GCHFR","blue"
"GPR141","yellow"
"TMED8","yellow"
"GPBAR1","blue"
"RCN3","blue"
"LAG3","brown"
"MPEG1","salmon"
"DDX58","black"
"FAM102A","brown"
"IDI1","yellow"
"SELL","turquoise"
"SPOCK2","brown"
"TLR4","turquoise"
"CPD","turquoise"
"SIGLEC8","brown"
"HEMGN","turquoise"
"MAP2K6","yellow"
"CD14","brown"
"ITGB3","purple"
"TCP11L2","turquoise"
"CCL4","red"
"KLHDC8B","grey"
"STAT2","black"
"BST2","brown"
"H1-10","brown"
"UPP1","green"
"CHCHD10","brown"
"MRPL55","blue"
"HLA-DMA","brown"
"EFNA1","green"
"INSL3","green"
"TIAF1","blue"
"SLCO4C1","turquoise"
"PRRT4","greenyellow"
"ZNF593","blue"
"HIF1A","turquoise"
"FKBP8","blue"
"MAD1L1","brown"
"KLF7","turquoise"
"CDC25B","brown"
"B4GALT5","turquoise"
"PHPT1","brown"
"TNNI2","blue"
"CREB5","turquoise"
"EPHB4","blue"
"HOPX","brown"
"SLC2A5","greenyellow"
"SORT1","yellow"
"SCGB1C1","grey"
"SSNA1","blue"
"RGS1","red"
"SMCHD1","turquoise"
"MPG","blue"
"LBH","red"
"PDZD4","brown"
"GABRR2","turquoise"
"PML","black"
"DGKH","yellow"
"CD81","brown"
"C1orf54","brown"
"ADORA3","yellow"
"RRAS","brown"
"CLIC3","blue"
"SMAP2","yellow"
"TIMM10","black"
"ADGRE3","turquoise"
"HSP90B1","tan"
"SLC31A2","turquoise"
"HCAR2","grey"
"ZNF385A","salmon"
"TNFAIP3","turquoise"
"KLRC1","red"
"ASPRV1","green"
"CCNB2","magenta"
"BCAT1","yellow"
"ROGDI","blue"
"CAMK1","brown"
"PRKDC","turquoise"
"NAA38","blue"
"APOL3","salmon"
"STBD1","greenyellow"
"FGL2","pink"
"COL18A1","blue"
"SLC25A6","brown"
"BIRC5","magenta"
"SOS2","turquoise"
"GALNT3","turquoise"
"STMN1","magenta"
"IGFL4","turquoise"
"TMEM45B","turquoise"
"NIBAN1","turquoise"
"LPAR6","red"
"ZWINT","magenta"
"MPST","blue"
"OPLAH","green"
"ERV3-1","turquoise"
"RHAG","cyan"
"CD22","brown"
"ASGR1","blue"
"SLC8A1","yellow"
"RPS6KA3","turquoise"
"VWA8","yellow"
"LRG1","green"
"ZDHHC12","blue"
"SLC22A18","blue"
"ACSL4","turquoise"
"CPA3","brown"
"CCR2","pink"
"CD3G","red"
"GPR160","yellow"
"MCRIP2","blue"
"DOK2","brown"
"SLC22A15","turquoise"
"TYMP","blue"
"RGPD2","turquoise"
"MAPK14","turquoise"
"TXNIP","turquoise"
"ZFY","turquoise"
"PSMB10","blue"
"SMPDL3A","yellow"
"FCMR","brown"
"SH2D1B","red"
"RPS15","brown"
"CDCA7L","greenyellow"
"SLC1A3","yellow"
"ARHGEF40","green"
"CCDC85B","blue"
"NUDT14","blue"
"XRRA1","blue"
"CD74","brown"
"SIT1","brown"
"KRT23","turquoise"
"PCED1B","brown"
"KLRD1","red"
"PRKAR2B","purple"
"MCTP2","turquoise"
"GATA1","blue"
"TPM2","brown"
"ZBED6","turquoise"
"STOM","yellow"
"NR4A1","brown"
"NEK7","turquoise"
"ERV3-1-ZNF117","turquoise"
"TFF3","blue"
"PAG1","turquoise"
"FPR2","turquoise"
"SLC22A4","yellow"
"FCRL1","turquoise"
"GPR15","red"
"BEX2","brown"
"TIMP4","yellow"
"MRPL4","blue"
"ITGA4","pink"
"NRGN","blue"
"ATF3","black"
"PAQR6","green"
"ROPN1L","green"
"CD69","red"
"DDX60L","turquoise"
"TAGLN","blue"
"CD19","brown"
"KIF27","yellow"
"RGCC","greenyellow"
"LMNB1","turquoise"
"CYBRD1","turquoise"
"CDC42EP2","blue"
"SPARC","purple"
"DHRS3","brown"
"CCDC124","blue"
"UPK3A","brown"
"TGM3","brown"
"HLA-G","blue"
"BCL2A1","yellow"
"PCSK9","yellow"
"C19orf48","blue"
"FGD4","yellow"
"RLN3","yellow"
"CCNJL","green"
"GPAA1","blue"
"TBC1D8","yellow"
"LOC112268355","grey"
"ATP13A3","turquoise"
"CCDC167","brown"
"MAP1LC3A","blue"
"DICER1","turquoise"
"IDNK","yellow"
"KYNU","turquoise"
"NKX3-1","grey"
"E2F1","magenta"
"CPNE5","blue"
"AGPAT2","blue"
"ADAM9","turquoise"
"MT1X","blue"
"RFX2","green"
"GNMT","blue"
"TSC22D3","turquoise"
"PRG3","greenyellow"
"BTN3A3","black"
"ABI3","brown"
"LOC400499","green"
"PLB1","green"
"VPS51","blue"
"TSPAN2","turquoise"
"CENPM","blue"
"NDUFA13","brown"
"YOD1","yellow"
"VAMP5","brown"
"ZFP57","grey"
"SRGN","turquoise"
"RPUSD1","blue"
"H2BC4","turquoise"
"CD151","blue"
"TAGAP","turquoise"
"SH2D2A","brown"
"H3C10","grey"
"RNF24","turquoise"
"PLBD1","turquoise"
"BOD1L1","turquoise"
"SLC2A6","brown"
"EIF4EBP1","blue"
"FCRLA","grey"
"PRR5","brown"
"SMIM1","blue"
"CD59","yellow"
"CYYR1","yellow"
"IPMK","turquoise"
"STEAP4","turquoise"
"HBEGF","grey"
"FRMD3","purple"
"FNIP1","turquoise"
"KIR2DS4","red"
"KBTBD6","yellow"
"CCL3","brown"
"UPK3BL1","blue"
"BOLA2B","brown"
"NDUFV1","brown"
"TRIB1","turquoise"
"APBB1","brown"
"NFXL1","turquoise"
"REX1BD","blue"
"EOMES","red"
"TMEM45A","yellow"
"RNA45SN3","blue"
"CMTM2","blue"
"ARRDC3","turquoise"
"PMAIP1","pink"
"HGF","yellow"
"NPDC1","brown"
"FBL","brown"
"PTGES","blue"
"ARL4A","yellow"
"EFCAB2","turquoise"
"CYBB","pink"
"TPK1","yellow"
"UBXN11","brown"
"ELF1","turquoise"
"NCOA4","pink"
"DHRS13","green"
"CRISPLD2","turquoise"
"GUK1","blue"
"SHARPIN","blue"
"ABHD17A","blue"
"LRRN1","yellow"
"KATNBL1","turquoise"
"CAP1","turquoise"
"ETFB","blue"
"SLC12A6","turquoise"
"APOL1","black"
"STAB1","blue"
"CAMK1D","turquoise"
"SGK3","turquoise"
"TIMM13","blue"
"AVIL","turquoise"
"LYST","turquoise"
"TMEM204","brown"
"CORO7","blue"
"FCHO2","turquoise"
"HSPA1B","green"
"PADI2","turquoise"
"SERINC1","turquoise"
"GSTM4","brown"
"ICAM2","brown"
"ZNF107","turquoise"
"ALOX5AP","yellow"
"PLA2G7","brown"
"IL11RA","brown"
"CEP19","turquoise"
"NDUFC2-KCTD14","black"
"LY9","red"
"NRG1","brown"
"VPS9D1","green"
"ZDHHC20","turquoise"
"H3C4","blue"
"C16orf74","blue"
"JUNB","blue"
"ZNF281","turquoise"
"NTHL1","blue"
"BCAS4","brown"
"PPP1R3D","turquoise"
"LMAN1","tan"
"ESAM","purple"
"SULF2","salmon"
"RNPEPL1","blue"
"THAP7","blue"
"PYHIN1","red"
"SLC66A2","blue"
"FMC1-LUC7L2","blue"
"SNCA","cyan"
"BUB1","magenta"
"NLRP6","green"
"HESX1","black"
"EXOSC5","blue"
"PROS1","purple"
"PF4","purple"
"EVA1B","blue"
"TLR2","turquoise"
"RAB20","yellow"
"CDKN3","magenta"
"FBXW5","blue"
"CA2","grey"
"LY6G6F","purple"
"ISOC2","brown"
"B3GAT3","blue"
"TMUB1","blue"
"REM2","green"
"NHSL2","turquoise"
"RALGAPA2","yellow"
"HIP1","turquoise"
"RICTOR","turquoise"
"PLEKHB1","brown"
"HRAS","blue"
"BHLHA15","tan"
"CCR5","red"
"GPX1","blue"
"BATF3","blue"
"GK","turquoise"
"CXCL5","grey"
"LY86","salmon"
"PLEKHF1","brown"
"FSTL3","blue"
"TET2","turquoise"
"RPS5","brown"
"H2BC8","black"
"SUSD3","blue"
"OMG","turquoise"
"PECR","yellow"
"ATP6V0E2","brown"
"GTF2H2","turquoise"
"SCARF1","black"
"SH2D1A","red"
"IFI27L1","magenta"
"ORAI1","blue"
"RPP21","blue"
"ARID5A","green"
"TOP2A","magenta"
"NCOA2","turquoise"
"ROMO1","blue"
"TMEM40","purple"
"MBOAT2","yellow"
"GPR183","red"
"NBN","turquoise"
"F5","turquoise"
"CLEC18A","green"
"PPP1R3B","turquoise"
"FBXO6","black"
"TUBB6","blue"
"DUSP5","brown"
"JMJD1C","turquoise"
"HAL","turquoise"
"QTRT1","brown"
"LILRA6","turquoise"
"GPRC5D","tan"
"XRN1","turquoise"
"IFITM1","black"
"GYPA","cyan"
"DCXR","blue"
"TBC1D3G","grey"
"CHI3L2","brown"
"EEF1D","brown"
"RGS2","turquoise"
"CBL","turquoise"
"DPEP3","blue"
"CARD6","turquoise"
"DNPH1","brown"
"UBTD1","blue"
"RAB13","greenyellow"
"SLC6A6","turquoise"
"LGALSL","turquoise"
"STXBP5","turquoise"
"GLDC","tan"
"LSMEM1","turquoise"
"GOLGA8B","red"
"LPCAT2","turquoise"
"NT5DC2","blue"
"CUTA","brown"
"ABCG1","turquoise"
"UBALD1","blue"
"PJA2","turquoise"
"VNN3","turquoise"
"NDUFA3","blue"
"MYDGF","brown"
"ITM2A","red"
"FAM118A","grey"
"TLR1","turquoise"
"GTPBP6","blue"
"SDCBP","turquoise"
"CD55","yellow"
"SDHAF3","yellow"
"PSME2","salmon"
"RPL35","brown"
"TNNC2","blue"
"H2BC18","turquoise"
"MSR1","grey"
"IGF1R","turquoise"
"MPP7","turquoise"
"CST3","brown"
"MRPL38","brown"
"FBXL13","turquoise"
"NUDT16","yellow"
"GSDMD","blue"
"C12orf75","tan"
"MS4A7","salmon"
"SBF2","turquoise"
"BACH1","turquoise"
"IFI27L2","blue"
"LHX4","yellow"
"IL10","yellow"
"HYAL3","blue"
"ZG16B","blue"
"CSRNP1","turquoise"
"PLD4","brown"
"TNFSF12-TNFSF13","grey"
"SMIM24","greenyellow"
"REPS2","yellow"
"SAMHD1","red"
"TNFSF13B","black"
"KCNN4","brown"
"CD40LG","red"
"KIF1B","turquoise"
"KLRC4-KLRK1","red"
"NME4","blue"
"GOLGA8A","red"
"HCFC1R1","blue"
"RNF175","yellow"
"XKR3","turquoise"
"CCDC107","brown"
"HSD17B8","brown"
"EPAS1","turquoise"
"MAN1A1","turquoise"
"MAN2A2","turquoise"
"HIPK3","turquoise"
"KCNJ15","turquoise"
"FCGR2C","grey"
"PGGHG","blue"
"GPR27","turquoise"
"RUFY4","black"
"CBR3","brown"
"MTRNR2L3","blue"
"LMNA","blue"
"ROCK1","turquoise"
"FAAP20","blue"
"FCGR3A","turquoise"
"AHNAK","red"
"RNF213","black"
"ARRDC4","turquoise"
"TSPO2","cyan"
"CDK2AP2","blue"
"PCLAF","magenta"
"PPM1N","green"
"UBE2T","magenta"
"TRABD","blue"
"OCIAD2","brown"
"TMEM88","green"
"PYGL","yellow"
"H1-0","greenyellow"
"PGA4","grey"
"CASS4","turquoise"
"MVD","blue"
"SLC22A1","green"
"CALHM6","brown"
"IFI16","turquoise"
"PAFAH1B3","blue"
"SIRT5","yellow"
"USP32","turquoise"
"LGALS9","brown"
"ANXA2R","brown"
"CCDC88B","blue"
"TOPORS","turquoise"
"ALDH1A1","grey"
"UCHL1","magenta"
"MMRN1","purple"
"ZNRD2","blue"
"TIGIT","red"
"CCPG1","turquoise"
"FAM89A","yellow"
"RELL1","yellow"
"SIRT6","blue"
"LMF2","blue"
"LOC102724159","blue"
"SSH2","turquoise"
"SSR4","brown"
"SEL1L3","tan"
"NLRC4","yellow"
"ATP6V1C1","yellow"
"RPL27A","brown"
"PLEKHO1","brown"
"LIN7A","turquoise"
"HROB","yellow"
"PHTF1","yellow"
"GASK1B","turquoise"
"LILRB1","salmon"
"SLC11A1","green"
"CCS","blue"
"B3GNT2","turquoise"
"ADA2","salmon"
"CYP19A1","yellow"
"PLXNB2","salmon"
"NR2C2","turquoise"
"MAP4K1","brown"
"MXD1","turquoise"
"BBC3","blue"
"TIFA","turquoise"
"E2F3","turquoise"
"AQP9","turquoise"
"ZNF117","turquoise"
"LDHB","brown"
"ABHD5","turquoise"
"RUVBL2","blue"
"PTP4A3","blue"
"LILRA5","yellow"
"ADGRG3","green"
"AGTPBP1","turquoise"
"HLX","green"
"NFKBIA","turquoise"
"SPOCD1","blue"
"MEF2A","yellow"
"BASP1","yellow"
"CREBRF","turquoise"
"H4C4","grey"
"CFP","blue"
"PCNX1","turquoise"
"CAPS","blue"
"ZNF684","black"
"PPARG","yellow"
"KIAA1109","turquoise"
"HSH2D","black"
"VEGFB","blue"
"MRPL54","brown"
"RNF144B","yellow"
"TMEM121B","grey"
"JAK2","turquoise"
"FASLG","red"
"RPL28","brown"
"MYCL","salmon"
"CD244","brown"
"MFSD14B","turquoise"
"FCRL5","tan"
"SMOX","purple"
"MBD3","blue"
"SF3B1","pink"
"SMIM5","purple"
"KIDINS220","turquoise"
"TUBB2A","blue"
"S1PR1","red"
"FKBP2","brown"
"ARMH1","blue"
"SYTL1","blue"
"TP53I3","green"
"IRAG1","turquoise"
"HLA-DOB","brown"
"DDAH2","green"
"CD38","tan"
"ARHGAP24","yellow"
"PFKL","blue"
"MAFF","turquoise"
"RPS27","brown"
"MOSPD3","blue"
"BOP1","blue"
"ITPRID2","turquoise"
"CENPX","brown"
"NUSAP1","magenta"
"HS3ST3B1","yellow"
"ST6GALNAC4","blue"
"FCN1","salmon"
"C9orf72","turquoise"
"SPSB3","blue"
"NAA80","blue"
"PRSS23","red"
"FNDC3B","turquoise"
"MOSPD2","turquoise"
"SPSB2","blue"
"NQO2","yellow"
"RHOC","brown"
"CFAP126","yellow"
"HPSE","turquoise"
"KCNE1B","yellow"
"CLDN5","blue"
"QPCT","turquoise"
"BAIAP3","blue"
"UCP2","brown"
"SPRY1","turquoise"
"DHRS4L2","brown"
"MT1F","blue"
"CDCA5","magenta"
"RPL8","brown"
"ISG20","blue"
"FAR2","turquoise"
"PPP4R2","turquoise"
"PRAM1","blue"
"BCL2L15","greenyellow"
"HSPBP1","blue"
"CD96","red"
"SPP1","grey"
"KIR2DL5A","grey"
"TBC1D3","grey"
"ADA","brown"
"ESYT1","red"
"EGFL7","blue"
"SSBP4","brown"
"SELENOO","blue"
"ADD3","turquoise"
"CKLF-CMTM1","blue"
"PRKAR1A","turquoise"
"CXCR6","brown"
"EDF1","brown"
"SLC2A3","turquoise"
"BTN3A2","black"
"TRIB2","red"
"RGPD1","grey"
"CD83","brown"
"ADM","yellow"
"H2AC6","turquoise"
"LAX1","pink"
"WASHC4","turquoise"
"PHC2","yellow"
"CD46","turquoise"
"AK1","brown"
"NCLN","blue"
"CAVIN2","purple"
"PEBP1","brown"
"TRMT2A","blue"
"CD28","red"
"FASTK","blue"
"DOCK8","turquoise"
"PAM","turquoise"
"FCER1G","turquoise"
"BLVRB","blue"
"MPIG6B","purple"
"ZNF217","turquoise"
"TRIM58","purple"
"SIGLEC10","grey"
"CXCR3","brown"
"LGALS1","brown"
"CCDC71L","green"
"INHBB","yellow"
"ANAPC11","blue"
"PLCG1","brown"
"ADGRE2","turquoise"
"PMVK","brown"
"EIF3G","brown"
"WDR54","brown"
"CLDN9","green"
"ST20-MTHFS","yellow"
"MORC3","turquoise"
"GGT5","grey"
"TMEM141","blue"
"PCBP4","brown"
"ABHD14B","brown"
"ZNF443","yellow"
"CXCR5","brown"
"CNTNAP3B","turquoise"
"NFIL3","turquoise"
"GMPR","purple"
"F8A1","grey"
"UBASH3A","brown"
"GDPD5","brown"
"MKNK1","yellow"
"SPINT1","blue"
"SF3A2","blue"
"PLSCR3","brown"
"GIMAP1-GIMAP5","brown"
"TECR","brown"
"NCOA7","black"
"SERINC2","blue"
"PNPLA1","turquoise"
"FLYWCH2","blue"
"GAS7","yellow"
"ZNF486","turquoise"
"COQ4","brown"
"ZFP36","turquoise"
"NFKBIZ","turquoise"
"BLK","brown"
"KLF1","cyan"
"MFSD10","blue"
"NBPF14","turquoise"
"SLA","turquoise"
"ZRANB1","turquoise"
"TESC","blue"
"DRAP1","blue"
"NMRAL1","brown"
"SLC25A24","turquoise"
"GGT1","blue"
"CLU","purple"
"TLR6","turquoise"
"SYNGR1","blue"
"CD9","purple"
"RAB33B","turquoise"
"ARL6IP4","blue"
"SLC25A29","blue"
"PTOV1","blue"
"USP10","turquoise"
"TBC1D3F","grey"
"XCL1","brown"
"TMEM252","turquoise"
"PCED1A","brown"
"GBP6","turquoise"
"CARD9","blue"
"HMBS","blue"
"BAD","blue"
"C19orf25","blue"
"FCGR2B","grey"
"LSM7","brown"
"FNDC3A","turquoise"
"TRMT1","brown"
"ATP8B2","red"
"TTC9","grey"
"ELL2","turquoise"
"SLAMF6","red"
"ABHD3","turquoise"
"SPOPL","turquoise"
"LAGE3","blue"
"UBE2C","magenta"
"SLC16A3","blue"
"NT5C3A","black"
"MSL1","turquoise"
"STUB1","blue"
"CORO1B","blue"
"SNAPC2","blue"
"IRF4","tan"
"CRYM","yellow"
"CLECL1","brown"
"MROH6","green"
"PRSS21","brown"
"NHP2","brown"
"RUNX3","red"
"ASPSCR1","blue"
"MYBPC3","green"
"POR","green"
"RNA45SN4","blue"
"DPYD","turquoise"
"P2RY10","red"
"NSG1","brown"
"SOD2","turquoise"
"BEND7","turquoise"
"RPL38","brown"
"SYCE3","green"
"MARCKSL1","brown"
"NUDT22","blue"
"DDX3X","turquoise"
"PTPN12","turquoise"
"TRIM5","black"
"NAAA","salmon"
"SMCO4","blue"
"GPR171","red"
"MLST8","blue"
"SPINK8","green"
"TLR10","turquoise"
"MPND","blue"
"CD72","brown"
"CISH","brown"
"EEF2","brown"
"GHRL","green"
"MTFP1","brown"
"HTRA3","greenyellow"
"CDRT4","blue"
"XBP1","tan"
"USP15","turquoise"
"HTRA1","yellow"
"WARS1","salmon"
"TRAPPC8","turquoise"
"TRIQK","yellow"
"TC2N","red"
"LRRC75A","brown"
"CD300LB","salmon"
"TMEM273","grey"
"GAS2L1","purple"
"TMEM154","turquoise"
"SLC38A2","turquoise"
"LILRB4","salmon"
"RASSF2","turquoise"
"SEPTIN14","turquoise"
"PARP8","turquoise"
"AURKB","magenta"
"GRINA","green"
"ST6GALNAC6","brown"
"HPD","green"
"ATP8B4","greenyellow"
"PNOC","brown"
"CD300C","brown"
"PDIA4","tan"
"ERN1","turquoise"
"INKA1","blue"
"NEXN","black"
"TBC1D4","red"
"MMD","purple"
"LHFPL2","turquoise"
"GIPC1","brown"
"NOTCH2","turquoise"
"RPS21","brown"
"RPS4X","brown"
"RNA28SN1","grey"
"RPL22","brown"
"PGS1","yellow"
"TST","blue"
"PAPSS1","turquoise"
"PRADC1","blue"
"SAC3D1","blue"
"MYL5","blue"
"DLGAP5","magenta"
"CEP97","turquoise"
"PUSL1","blue"
"AHCTF1","turquoise"
"FAAH","blue"
"TRIM25","turquoise"
"DMXL2","turquoise"
"CENPB","blue"
"PTPRN2","turquoise"
"RPL18","brown"
"PIK3AP1","turquoise"
"CBSL","blue"
"EDEM3","turquoise"
"HSD3B7","green"
"RPL3","brown"
"TBC1D10C","blue"
"ATP11A","turquoise"
"FABP2","turquoise"
"FAM156A","blue"
"MRPL12","brown"
"DACH1","yellow"
"H1-2","grey"
"ABHD14A","brown"
"MCTP1","turquoise"
"ALOX12","purple"
"TESPA1","brown"
"C18orf25","turquoise"
"CXCL16","turquoise"
"ID3","brown"
"ST3GAL4","yellow"
"CYSLTR1","black"
"FFAR2","black"
"SPATA2L","blue"
"MEIKIN","yellow"
"PDZD8","turquoise"
"CLEC4O","brown"
"NUCB1","blue"
"DTX3L","black"
"GPR34","grey"
"P2RY13","turquoise"
"EIF3CL","grey"
"ITIH4","yellow"
"CHST13","blue"
"FCRL3","red"
"SLC12A7","brown"
"MRPL23","brown"
"FADS2","grey"
"HLA-DOA","brown"
"HYI","blue"
"TMEM150B","grey"
"RBM42","blue"
"SKAP2","turquoise"
"CHSY1","turquoise"
"TBKBP1","green"
"CCL8","black"
"BRAT1","blue"
"SLC12A9","blue"
"CCDC12","brown"
"ENHO","brown"
"AMPD2","blue"
"ADCY7","pink"
"PEAK3","green"
"TMEM160","blue"
"CCDC186","turquoise"
"FYN","red"
"ST14","blue"
"CCDC17","green"
"PGAM4","grey"
"CDC45","magenta"
"GNG11","purple"
"PEX16","blue"
"RPL37A","brown"
"IGFLR1","blue"
"CDK14","turquoise"
"C7orf25","turquoise"
"MAP3K2","turquoise"
"UHRF1BP1L","turquoise"
"MYBL1","red"
"RHOB","grey"
"ACTR2","turquoise"
"NT5M","purple"
"TEX2","turquoise"
"CCDC28B","brown"
"ACAP2","turquoise"
"CLIP1","turquoise"
"PPP1R14A","blue"
"GPS1","blue"
"TMEM256","brown"
"B2M","turquoise"
"PYCR1","magenta"
"CEBPD","green"
"PXK","turquoise"
"SLC2A4RG","blue"
"U2AF1L4","blue"
"ACTA2","grey"
"SLC40A1","turquoise"
"KAT6A","turquoise"
"SDR39U1","brown"
"SNRPN","brown"
"NEDD9","turquoise"
"CD1C","brown"
"PSMG3","brown"
"NME1","brown"
"FOLR2","brown"
"IGLL1","blue"
"TMX4","turquoise"
"KIR2DS2","grey"
"TRIM6","black"
"CRACR2B","blue"
"RPS23","brown"
"VMO1","blue"
"TSEN54","brown"
"STS","turquoise"
"KCNH3","blue"
"HELZ2","black"
"CEACAM3","grey"
"STXBP3","turquoise"
"LILRA4","blue"
"FBP1","brown"
"IQGAP2","turquoise"
"TP53INP1","turquoise"
"SH3GLB1","turquoise"
"RABAC1","blue"
"CCNB1","magenta"
"RPGRIP1","grey"
"AGO4","turquoise"
"P2RX5","grey"
"MED16","blue"
"ZP3","blue"
"LRRC4","turquoise"
"LIPA","pink"
"ENG","brown"
"SCRN2","blue"
"CTSD","blue"
"ITGB1","pink"
"ATP2C2","greenyellow"
"TAP2","black"
"PCSK6","purple"
"ANG","blue"
"TRANK1","black"
"KCTD17","brown"
"CENPK","pink"
"PRKCE","turquoise"
"UBE2S","blue"
"AOC2","turquoise"
"AATK","green"
"THNSL2","grey"
"ROM1","green"
"CMTM6","turquoise"
"ERGIC1","turquoise"
"IRAK2","turquoise"
"TREM1","turquoise"
"ZNF267","turquoise"
"SCGB1C2","blue"
"LGALS12","blue"
"CYB561","brown"
"PRMT1","brown"
"KLF5","yellow"
"HIPK1","turquoise"
"PDCD1LG2","black"
"NUP153","turquoise"
"RPL32","brown"
"SECTM1","blue"
"FES","blue"
"HSPA1A","green"
"LOC102724770","blue"
"SEPTIN9","brown"
"TMCC3","turquoise"
"NIBAN3","brown"
"PIN1","blue"
"GNA13","turquoise"
"OSGIN2","turquoise"
"RASGRP1","red"
"PEA15","salmon"
"GIMAP4","red"
"UBE2D1","turquoise"
"SORBS3","brown"
"CPEB2","turquoise"
"FAM3A","blue"
"GAA","blue"
"ZNF438","yellow"
"EMB","turquoise"
"DPY19L3","yellow"
"PMF1-BGLAP","blue"
"SOCS1","blue"
"ABTB1","green"
"C8orf88","turquoise"
"TCEA3","brown"
"MYO1B","yellow"
"SRM","brown"
"BIRC3","red"
"THOC6","brown"
"EPN1","blue"
"KIF2C","magenta"
"PI16","brown"
"NFE2L2","turquoise"
"HRH2","yellow"
"OTX1","yellow"
"DEPP1","magenta"
"MUC1","blue"
"MAP3K20","turquoise"
"ADGRG5","brown"
"ST6GAL1","red"
"ATXN7","turquoise"
"TSPAN4","blue"
"RABEP2","blue"
"PHACTR1","turquoise"
"TMEM86B","blue"
"NOSIP","blue"
"GFI1B","blue"
"CLEC11A","blue"
"CDK10","brown"
"TFPT","blue"
"THEMIS","red"
"BLVRA","brown"
"ZNF703","brown"
"AURKAIP1","blue"
"CHPT1","yellow"
"ZNF254","turquoise"
"MDK","black"
"PRDX4","brown"
"GALNT7","turquoise"
"MRPS12","blue"
"MMP25","green"
"NDUFB2","brown"
"MAP1LC3B2","yellow"
"FAS","turquoise"
"ALPK1","turquoise"
"AMDHD2","blue"
"PTGES2","blue"
"EBLN2","turquoise"
"KIAA0825","turquoise"
"ACADS","blue"
"GCH1","black"
"MRPS34","brown"
"ANTKMT","blue"
"ECI1","blue"
"STAP1","black"
"RPL13A","brown"
"METRNL","blue"
"MTRNR2L1","grey"
"BATF","blue"
"NECAB1","yellow"
"IGF2R","turquoise"
"SGMS2","turquoise"
"AOC3","turquoise"
"MYOF","pink"
"TMEM140","black"
"BANK1","grey"
"SLC39A4","blue"
"NBL1","brown"
"SPATA20","brown"
"VEPH1","greenyellow"
"PRL","yellow"
"APAF1","turquoise"
"RSPH9","green"
"CTBS","turquoise"
"GRAMD1C","turquoise"
"EP300","turquoise"
"SURF2","blue"
"CAMKK1","green"
"ACP5","brown"
"SELP","purple"
"ZDHHC17","turquoise"
"CCNG2","turquoise"
"KLF10","turquoise"
"ENC1","grey"
"SLC46A2","salmon"
"VPS13C","pink"
"LPIN2","turquoise"
"GJB6","grey"
"DTX3","brown"
"DTYMK","blue"
"CYB5R2","blue"
"WDR81","blue"
"SLC38A1","pink"
"RFLNB","greenyellow"
"IL13RA1","turquoise"
"ZNF428","brown"
"ARMH2","yellow"
"ZBTB34","turquoise"
"NPM1","brown"
"TMEM229B","salmon"
"RASA4","brown"
"IER3","green"
"FHL3","blue"
"HDAC10","blue"
"MIIP","blue"
"SNRPD2","brown"
"DNPEP","brown"
"AKR1B1","brown"
"CD101","brown"
"PADI4","yellow"
"FAM8A1","turquoise"
"CCNA2","magenta"
"STAT4","red"
"PTPN22","turquoise"
"PLEK","turquoise"
"CD86","salmon"
"MEF2B","blue"
"KIFC1","magenta"
"MTRNR2L2","grey"
"EGLN1","turquoise"
"B4GALT4","yellow"
"H2BC15","black"
"SH3BGRL2","purple"
"LENG9","blue"
"PLAAT3","brown"
"TGFBR3","red"
"MTRNR2L9","grey"
"DOCK4","turquoise"
"ERBIN","turquoise"
"FAM89B","blue"
"FAXDC2","purple"
"ZEB2","turquoise"
"MRPL28","blue"
"LRRN3","brown"
"IRF3","brown"
"SIGLEC5","turquoise"
"GAS6","brown"
"SULT1A1","grey"
"PLK3","green"
"FLVCR2","grey"
"FXYD5","brown"
"RASA2","turquoise"
"BCL2","red"
"NOD2","turquoise"
"TEN1","blue"
"APC","turquoise"
"C15orf48","grey"
"IMPA2","green"
"NUP58","turquoise"
"ITGB5","purple"
"GIMAP6","red"
"OGFRL1","turquoise"
"GPAT3","turquoise"
"ARHGAP4","blue"
"SNAI3","blue"
"BORCS6","blue"
"RABGEF1","yellow"
"ANXA1","turquoise"
"BEX3","purple"
"EXOC6","yellow"
"FXYD6","brown"
"RIPOR2","turquoise"
"GAMT","brown"
"ZNF467","green"
"GCLM","yellow"
"ADAR","black"
"TNF","brown"
"IQGAP1","turquoise"
"PANX2","green"
"B3GALT4","blue"
"TNFSF14","turquoise"
"PIAS2","turquoise"
"MICAL2","turquoise"
"LPL","yellow"
"GFI1","magenta"
"MRPL52","blue"
"COMMD4","blue"
"FCGR2A","turquoise"
"TPX2","magenta"
"ANKRD28","turquoise"
"TAP1","black"
"NDUFS6","brown"
"C19orf53","brown"
"B9D1","tan"
"PGLS","blue"
"TMCO3","yellow"
"DOCK10","pink"
"PIGQ","blue"
"MILR1","grey"
"PDE4B","turquoise"
"TMC6","brown"
"UBXN2B","turquoise"
"ABLIM3","purple"
"RFNG","blue"
"NRBF2","turquoise"
"NFAT5","turquoise"
"SLC38A5","brown"
"FBXO44","brown"
"HAAO","blue"
"PRR5L","red"
"RB1","turquoise"
"RHOT2","blue"
"LETM2","turquoise"
"RB1CC1","turquoise"
"CCRL2","black"
"PRC1","magenta"
"KIFC2","brown"
"B9D2","green"
"POC1B-GALNT4","turquoise"
"MXI1","turquoise"
"RPL23A","brown"
"CABP5","grey"
"H2BC11","black"
"ZNF32","brown"
"JMJD8","brown"
"HCST","brown"
"FOSL2","turquoise"
"ILVBL","blue"
"MX2","black"
"PRKCH","red"
"TSPAN32","brown"
"RPS14","brown"
"MMP24OS","blue"
"RHCE","cyan"
"JDP2","yellow"
"ERG","greenyellow"
"RPS16","brown"
"CCDC65","brown"
"SPTLC2","yellow"
"RPS12","brown"
"STK17B","turquoise"
"PVRIG","brown"
"JUN","turquoise"
"POLR2E","blue"
"TNPO1","turquoise"
"UQCRHL","blue"
"KDM7A","turquoise"
"H4C14","blue"
"H4C15","blue"
"TSR3","blue"
"LONP1","blue"
"SPATA6","turquoise"
"HOMER3","blue"
"SYTL2","red"
"B4GALT7","blue"
"H2BC21","turquoise"
"RPL36A","brown"
"MAP3K5","turquoise"
"POLR2I","brown"
"QKI","turquoise"
"NUF2","magenta"
"MISP3","blue"
"COPE","blue"
"TLR7","salmon"
"CETP","purple"
"HNMT","salmon"
"TAF13","turquoise"
"SDC1","tan"
"PLAU","turquoise"
"SP140","black"
"MSN","turquoise"
"GP6","purple"
"LOXHD1","turquoise"
"ZNF580","blue"
"CXCR1","turquoise"
"OSBPL9","turquoise"
"RPS2","brown"
"MTRNR2L10","blue"
"KIR2DL3","red"
"CRLF3","turquoise"
"NATD1","turquoise"
"ARFRP1","blue"
"RPL10A","brown"
"SLC49A4","yellow"
"CAT","turquoise"
"DYSF","yellow"
"FNTB","turquoise"
"MAN2C1","brown"
"MAP3K1","turquoise"
"MYSM1","turquoise"
"CEP170","turquoise"
"CHD1","turquoise"
"DGAT2","green"
"ATP5MC1","brown"
"CYBA","blue"
"MYBPH","blue"
"FBXL6","blue"
"CARMIL2","brown"
"MERTK","turquoise"
"ENO2","brown"
"PAGE2B","cyan"
"HINT2","brown"
"BRWD3","turquoise"
"ABLIM1","red"
"DMTN","cyan"
"NR4A2","turquoise"
"C10orf105","yellow"
"FOXN2","turquoise"
"VCPIP1","turquoise"
"HECW2","turquoise"
"SLC27A1","blue"
"GTDC1","yellow"
"FAM209A","green"
"FKBP9","yellow"
"RASSF4","salmon"
"PTGIR","blue"
"IKZF3","red"
"CNEP1R1","turquoise"
"PELATON","green"
"FPGS","brown"
"ARAP2","turquoise"
"JUND","blue"
"ENDOG","blue"
"SMIM11A","brown"
"SELENOW","brown"
"RAB36","yellow"
"DHFR","magenta"
"G6PC3","blue"
"PIKFYVE","turquoise"
"TMC8","brown"
"TNFRSF14","blue"
"NME2","brown"
"NPIPB3","turquoise"
"NPIPB15","grey"
"PDSS1","yellow"
"FAM110A","blue"
"SP3","turquoise"
"MNDA","turquoise"
"POLRMT","blue"
"SMDT1","brown"
"HMMR","magenta"
"GAB2","turquoise"
"DZIP1L","greenyellow"
"POLD2","brown"
"LDLRAP1","brown"
"MAPK11","brown"
"DYNC2I2","blue"
"EIF4EBP3","blue"
"SLC36A1","yellow"
"CHD7","yellow"
"SLC22A16","greenyellow"
"CAB39","turquoise"
"NDUFAF8","brown"
"PYGM","green"
"MCL1","turquoise"
"TNFSF10","black"
"ARL2","brown"
"GPR174","red"
"TELO2","blue"
"MYB","greenyellow"
"CKB","blue"
"ATP9A","yellow"
"INKA2","turquoise"
"MYO7B","green"
"GP1BA","purple"
"NCAPH2","blue"
"OXER1","blue"
"SERPINB1","yellow"
"HK3","yellow"
"IFNGR1","turquoise"
"SLC19A1","green"
"BSG","blue"
"PKN1","blue"
"SH2B2","blue"
"AMN1","turquoise"
"ADTRP","red"
"PARVB","purple"
"ENTPD1","turquoise"
"HMOX1","brown"
"CD93","turquoise"
"NPIPA7","brown"
"WDR13","blue"
"HAUS7","blue"
"RHOT1","turquoise"
"ZGPAT","blue"
"SLC25A37","turquoise"
"RNF126","blue"
"MAPK13","turquoise"
"CLN6","blue"
"COPS9","brown"
"ABCA7","blue"
"PNPLA6","blue"
"GLMP","blue"
"GPR137","blue"
"SCIMP","salmon"
"SMARCD3","green"
"STARD10","green"
"NUMB","turquoise"
"ALDH16A1","blue"
"NAXE","brown"
"SVIL","turquoise"
"BAZ2B","turquoise"
"AP1M2","grey"
"LY6G6C","green"
"ITSN2","turquoise"
"NABP1","turquoise"
"SH3TC1","blue"
"GINS2","magenta"
"CTSS","pink"
"RMI2","magenta"
"FEM1C","turquoise"
"MSRB2","green"
"GPER1","blue"
"USE1","brown"
"WNK1","turquoise"
"OCEL1","blue"
"TREML2","turquoise"
"GNGT2","brown"
"RPL14","brown"
"FNDC10","blue"
"MRPS2","brown"
"DUS1L","brown"
"RBP7","grey"
"SPACA3","grey"
"BCL11B","red"
"TSC22D1","purple"
"MFSD12","blue"
"RPS6KA5","turquoise"
"ARHGEF10L","salmon"
"NT5C3B","brown"
"OLIG1","grey"
"RUBCNL","turquoise"
"NME8","yellow"
"SMIM29","blue"
"NDUFB11","brown"
"IFNG","red"
"FARSA","brown"
"UCKL1","brown"
"SEPTIN5","purple"
"LAMTOR4","blue"
"BANF1","brown"
"SAMD14","purple"
"SYN2","green"
"PLA2G15","blue"
"KLF6","turquoise"
"NPFF","blue"
"SMG1","turquoise"
"ENKD1","blue"
"NAGPA","blue"
"MARCHF1","pink"
"NT5C","blue"
"SLA2","purple"
"HAUS4","yellow"
"PALM2AKAP2","pink"
"FAM207A","blue"
"IGFBP4","brown"
"SRPK2","turquoise"
"UBE2J1","turquoise"
"SPHK1","blue"
"CEBPA","blue"
"EIF4G3","turquoise"
"LAMP3","black"
"VSIG10","turquoise"
"SLC3A2","black"
"F8","turquoise"
"TIMP1","blue"
"NPIPA1","brown"
"NCR1","turquoise"
"CHAC2","tan"
"ARHGDIA","blue"
"AKR1C3","grey"
"MAFB","salmon"
"HMGA1","brown"
"DAPK2","yellow"
"NLRP3","turquoise"
"COL6A2","brown"
"LCP1","turquoise"
"ZC3H11A","turquoise"
"KLHDC7B","black"
"MXD4","brown"
"LYSMD2","black"
"MDM2","turquoise"
"HRH4","grey"
"OLIG2","brown"
"NME1-NME2","grey"
"GIMAP8","pink"
"NUDT18","blue"
"LTN1","turquoise"
"SCN1B","green"
"USP9Y","turquoise"
"ZNF358","blue"
"CENPA","magenta"
"SLC2A14","turquoise"
"RAB34","brown"
"SIGLEC7","brown"
"FHL1","purple"
"MRPL24","brown"
"CEMIP2","turquoise"
"DIP2B","turquoise"
"NOTCH2NLC","blue"
"CYP4F12","blue"
"RSPH14","yellow"
"THAP4","blue"
"STAG2","turquoise"
"BRICD5","blue"
"CARD11","red"
"CALHM2","brown"
"TTC39C","brown"
"FXYD7","brown"
"FCRL2","grey"
"OR2W3","cyan"
"RNASE6","yellow"
"DERPC","brown"
"PDGFC","yellow"
"HGH1","brown"
"CAPN2","pink"
"EEF1B2","brown"
"FAM160B1","turquoise"
"SIRPB2","turquoise"
"OXLD1","blue"
"TSPYL2","brown"
"RAB44","blue"
"AGAP3","brown"
"UAP1","tan"
"IGSF8","brown"
"ADAM15","blue"
"EFEMP2","green"
"HDHD3","blue"
"SNAP23","turquoise"
"MYLIP","turquoise"
"FAM209B","green"
"EGF","purple"
"NIN","turquoise"
"TOP1MT","brown"
"TFEB","blue"
"H2AJ","blue"
"CDKN1A","brown"
"ABCA13","greenyellow"
"CISD3","blue"
"BEST1","turquoise"
"LTA4H","grey"
"PTAR1","turquoise"
"DHRS4","brown"
"NNMT","greenyellow"
"ADAM19","turquoise"
"DEXI","blue"
"CDK17","turquoise"
"HNRNPA1","red"
"MTF1","turquoise"
"ELOVL7","purple"
"MTRNR2L8","grey"
"LRRC61","blue"
"ZNF66","turquoise"
"PDPK1","turquoise"
"STOML1","blue"
"SHISAL2A","blue"
"JMJD4","blue"
"GIMAP2","pink"
"CKAP4","yellow"
"PHF20L1","turquoise"
"TP53I11","green"
"HSD17B10","brown"
"EFHC2","turquoise"
"S100A13","blue"
"CTSF","brown"
"PTTG2","grey"
"ECSIT","blue"
"PTMS","blue"
"TMED3","brown"
"SLC2A1","cyan"
"UPB1","yellow"
"PPP1R12B","turquoise"
"MND1","magenta"
"RPSA","brown"
"SESN2","green"
"NENF","brown"
"BTAF1","pink"
"NIBAN2","blue"
"CMKLR1","brown"
"PIP4P2","turquoise"
"ACVR1B","yellow"
"RPL4","brown"
"UBXN6","blue"
"DTX2","blue"
"TNFRSF10B","pink"
"SEC61A2","yellow"
"PHGDH","magenta"
"SIRPB1","turquoise"
"PEX11G","green"
"WDR74","brown"
"ZC3H3","green"
"RSBN1","turquoise"
"PPAN-P2RY11","blue"
"GM2A","grey"
"LRP1","salmon"
"CEMP1","blue"
"OR52K2","black"
"PRKACB","red"
"C22orf34","blue"
"CKS1B","magenta"
"EPB41","turquoise"
"TCEA2","blue"
"RTN2","green"
"CAV1","tan"
"SPAG9","turquoise"
"C6orf226","blue"
"PDE3B","turquoise"
"TKTL1","brown"
"KDM6A","turquoise"
"KCNK7","blue"
"BCAT2","brown"
"RPS18","brown"
"ARFGAP1","blue"
"GATA3","brown"
"DNAJC13","turquoise"
"AGTRAP","blue"
"ABHD2","turquoise"
"SLC26A6","blue"
"KLF4","grey"
"DBN1","green"
"LPAR2","green"
"HVCN1","salmon"
"RASSF3","turquoise"
"SULT1A2","blue"
"ATP6V1A","turquoise"
"SELENOH","brown"
"RBM38","blue"
"GRN","blue"
"B3GNTL1","green"
"KLF3","turquoise"
"HSP90AB1","red"
"CPNE3","turquoise"
"SFN","blue"
"TFEC","turquoise"
"NTNG2","yellow"
"ALG3","brown"
"IL1RN","black"
"PYCARD","blue"
"TUBA8","purple"
"KMT2E","turquoise"
"TPD52","tan"
"MPZL2","grey"
"CMTR1","black"
"FXYD2","blue"
"ICOS","red"
"FDXR","blue"
"NUDT5","yellow"
"MFN2","turquoise"
"AFF1","turquoise"
"IFITM2","yellow"
"ECHDC2","brown"
"GUCY1B1","purple"
"ROBO3","brown"
"NTSR1","blue"
"FYB1","turquoise"
"LTBP1","purple"
"RPL39L","brown"
"LY96","turquoise"
"RCAN3","red"
"CCR4","pink"
"TNFRSF8","blue"
"SLC15A4","turquoise"
"ASF1B","grey"
"ASAP1","turquoise"
"DDX21","pink"
"H2AC20","blue"
"MMP1","purple"
"ST3GAL5","salmon"
"CABIN1","blue"
"ZNF106","turquoise"
"SPNS1","blue"
"PPP1R35","blue"
"MRPL11","brown"
"SLC27A3","blue"
"UBR2","turquoise"
"COQ8B","blue"
"FOXO3","turquoise"
"CDC34","blue"
"NDRG2","brown"
"ZNF292","turquoise"
"USP25","turquoise"
"SPINK4","magenta"
"CXorf65","grey"
"ZNHIT1","blue"
"SOWAHD","blue"
"CHMP5","black"
"STAC3","brown"
"SDSL","blue"
"IER2","grey"
"SERTAD1","blue"
"RDH5","blue"
"P2RX7","pink"
"RC3H1","turquoise"
"ZBTB38","pink"
"PIH1D1","brown"
"KIF22","brown"
"PPCDC","blue"
"KMT2C","turquoise"
"LTK","brown"
"EGLN2","blue"
"OSBPL11","turquoise"
"SYCP2","turquoise"
"RPL35A","brown"
"GTF2H2C_2","turquoise"
"RPLP0","brown"
"EIF4B","pink"
"POP5","brown"
"CD302","turquoise"
"FPR1","yellow"
"PLD3","brown"
"CYB5R4","turquoise"
"RHOBTB1","purple"
"NAALADL1","blue"
"ANKS1A","yellow"
"WIPI1","yellow"
"PKN2","turquoise"
"APOBEC3H","brown"
"PLCL1","turquoise"
"FAH","purple"
"UBE2W","turquoise"
"IPO11","yellow"
"LTBP3","brown"
"TNFRSF18","blue"
"CTTN","purple"
"VPS28","blue"
"SPX","purple"
"HSBP1L1","blue"
"EPHB1","turquoise"
"RIC1","turquoise"
"LIMK2","turquoise"
"NEDD4","turquoise"
"SPN","brown"
"COMT","blue"
"SHISA5","black"
"PGAP3","brown"
"PATL2","black"
"KIAA0319","turquoise"
"UBXN4","turquoise"
"ANKRD39","blue"
"ZFYVE16","turquoise"
"SWSAP1","blue"
"RPL10","brown"
"PGD","yellow"
"CENPW","magenta"
"CHMP6","blue"
"KAT2B","turquoise"
"GPI","brown"
"H3-2","turquoise"
"RBM3","brown"
"IL6R","turquoise"
"LY75","turquoise"
"SGF29","blue"
"FEN1","magenta"
"MAML3","yellow"
"ZNF83","red"
"PAM16","blue"
"RMI1","turquoise"
"GADD45B","yellow"
"SNRPA","brown"
"RANGAP1","brown"
"IL4","brown"
"DPP4","red"
"NCAPG","magenta"
"MLC1","blue"
"CCDC61","blue"
"EEFSEC","brown"
"ATOX1","blue"
"CCDC22","blue"
"AP1S2","pink"
"KRTCAP2","brown"
"APMAP","turquoise"
"RORA","red"
"CREB1","turquoise"
"LRRC37A2","turquoise"
"ITPA","brown"
"TRPM6","turquoise"
"PPP1R14B","brown"
"LRMDA","blue"
"LRFN1","green"
"TMOD3","turquoise"
"H3C6","turquoise"
"EPB41L3","pink"
"XK","purple"
"ARID4B","turquoise"
"FSTL1","purple"
"PPP1R15A","turquoise"
"PNPLA8","turquoise"
"RANGRF","brown"
"DPM2","brown"
"TIPARP","turquoise"
"PPP2R3B","blue"
"ZNF396","turquoise"
"NPIPA5","red"
"PDLIM7","blue"
"TVP23C-CDRT4","turquoise"
"COA3","brown"
"MSRA","green"
"EVI2A","turquoise"
"CSF1","grey"
"EIF3C","brown"
"TUBA1A","turquoise"
"SLC6A12","black"
"PICALM","turquoise"
"CLEC7A","turquoise"
"PATL1","turquoise"
"MAP1S","blue"
"YPEL4","cyan"
"EIF3E","red"
"TCIRG1","blue"
"ABAT","turquoise"
"OSGIN1","blue"
"H2AX","blue"
"PSTPIP1","blue"
"TXNRD1","turquoise"
"SENP7","turquoise"
"KPNB1","turquoise"
"TNFAIP2","pink"
"KLF2","blue"
"ZNF799","turquoise"
"HSPA13","turquoise"
"GBGT1","blue"
"IDH1","turquoise"
"DISC1","turquoise"
"APOBEC3G","brown"
"TBK1","turquoise"
"GATA2","brown"
"ZNF444","blue"
"EEF1A1","red"
"YDJC","blue"
"KLHL14","tan"
"SF3B5","brown"
"HMG20B","blue"
"ECH1","brown"
"ERI3","brown"
"NCF2","turquoise"
"TOR2A","blue"
"TNKS2","turquoise"
"TUT7","turquoise"
"C16orf72","turquoise"
"C4orf48","blue"
"C7orf61","green"
"RASL11A","green"
"CIAO3","blue"
"PPP1R15B","turquoise"
"CSF2RB","turquoise"
"TOR1B","black"
"CFAP410","blue"
"LTB4R","yellow"
"OGT","pink"
"UPK3BL2","grey"
"SH3BGRL","pink"
"ASAH1","turquoise"
"RPS19BP1","blue"
"LRWD1","green"
"KIF11","magenta"
"TRIB3","blue"
"NSMCE1","brown"
"MSRB1","green"
"ABCC4","turquoise"
"DRAM1","turquoise"
"GSTZ1","blue"
"TRAPPC2B","brown"
"IQSEC2","blue"
"PCF11","turquoise"
"MCM2","magenta"
"RPL23","brown"
"RRM2B","turquoise"
"MYL6B","blue"
"SLC25A1","blue"
"ATXN1","turquoise"
"MRPL14","brown"
"OXNAD1","brown"
"SLC15A3","blue"
"SLFN11","pink"
"MED13","turquoise"
"FIS1","brown"
"SLX1B","blue"
"ZNF230","turquoise"
"CEBPB","green"
"SSH1","turquoise"
"BLNK","tan"
"TUFT1","turquoise"
"SLC52A2","blue"
"LY6G6F-LY6G6D","blue"
"ARG2","purple"
"ATAD3A","blue"
"RNF146","turquoise"
"MVB12A","blue"
"NDUFA7","brown"
"PTEN","turquoise"
"VCL","turquoise"
"ECHS1","brown"
"HSDL2","turquoise"
"SYNE2","red"
"PTP4A1","turquoise"
"QSOX1","green"
"RAPGEF2","turquoise"
"TSPAN33","blue"
"FABP5","brown"
"PDE9A","brown"
"PES1","brown"
"MFSD14A","turquoise"
"CASP8","turquoise"
"EFR3A","pink"
"ZNF787","green"
"SLK","turquoise"
"HIGD2A","brown"
"STRADB","cyan"
"TECPR2","turquoise"
"EIF3L","brown"
"FHL2","purple"
"PPFIA1","turquoise"
"SLC6A8","cyan"
"PPP1R12A","turquoise"
"SMIM27","blue"
"RALB","turquoise"
"APP","turquoise"
"SARS2","brown"
"EIF4E3","turquoise"
"LAMTOR2","blue"
"RBPMS2","purple"
"BICDL1","brown"
"CDC42EP3","turquoise"
"NLRP1","pink"
"TMEM91","green"
"RHBDD2","blue"
"SKIL","turquoise"
"VASH1","brown"
"RHOF","brown"
"RENBP","blue"
"TGFBR2","turquoise"
"TANK","turquoise"
"RAB8B","turquoise"
"PARD6A","blue"
"EPHB6","blue"
"MARCHF9","brown"
"RNF10","yellow"
"TRAPPC5","blue"
"TRAF3IP3","red"
"S100A10","brown"
"TGIF2-RAB5IF","grey"
"HJURP","magenta"
"GPR18","red"
"MANF","tan"
"WSB1","turquoise"
"CCDC9","blue"
"GBE1","turquoise"
"CLEC2L","blue"
"CCDC126","turquoise"
"SERPINF1","brown"
"BMI1","pink"
"MYD88","turquoise"
"TPRN","blue"
"PDLIM2","blue"
"OPTN","brown"
"DOCK5","turquoise"
"VAMP8","brown"
"IL18BP","brown"
"KLF14","yellow"
"AFF4","turquoise"
"ARID4A","turquoise"
"FGD2","salmon"
"SLC49A3","blue"
"MTM1","turquoise"
"CAPG","blue"
"FLNA","brown"
"MLLT1","green"
"MAML2","turquoise"
"TMOD2","turquoise"
"NFKBIE","brown"
"RPS20","brown"
"POLL","blue"
"SMPD3","brown"
"NCOA1","turquoise"
"RAB33A","blue"
"MT1G","blue"
"CLCN7","blue"
"MTMR3","turquoise"
"ADIPOR1","turquoise"
"STK32C","blue"
"MRPS24","brown"
"TEDC1","blue"
"NFKBIL1","blue"
"LCN10","brown"
"HSPA8","red"
"CALR","brown"
"TDRD7","black"
"CELF2","turquoise"
"STK3","yellow"
"ZNF641","turquoise"
"EBP","brown"
"PSPH","magenta"
"TIAM1","red"
"RPGR","turquoise"
"CXXC5","brown"
"RHOH","brown"
"TCAF2","yellow"
"DENND5A","turquoise"
"SLC25A40","turquoise"
"THEM6","brown"
"RNF38","turquoise"
"PRKAA1","turquoise"
"NINJ1","blue"
"SBNO2","green"
"TMEM170B","turquoise"
"RAB11B","blue"
"STX11","turquoise"
"ZNF493","turquoise"
"LOC283710","tan"
"MSRB3","turquoise"
"TET3","turquoise"
"WDR18","blue"
"CPTP","blue"
"TAOK1","turquoise"
"CHUK","turquoise"
"GNAQ","turquoise"
"PDF","blue"
"OLFM1","brown"
"EAF2","magenta"
"NEK4","turquoise"
"RPS15A","brown"
"GPCPD1","turquoise"
"DNAJC4","blue"
"BLZF1","turquoise"
"ZBTB18","turquoise"
"DAPP1","turquoise"
"CLEC2D","red"
"PPP4R1","turquoise"
"MIA","blue"
"LIG4","turquoise"
"CSF3R","turquoise"
"TMEM222","blue"
"EEF1G","brown"
"IRF2","turquoise"
"TRIM23","turquoise"
"GOLM2","turquoise"
"FDX2","blue"
"PDE2A","yellow"
"DUS3L","blue"
"LIMD2","blue"
"KLHDC4","brown"
"MPZL3","turquoise"
"ANXA2","salmon"
"ASDURF","turquoise"
"LONRF3","turquoise"
"ACRBP","purple"
"HSPE1","brown"
"NBPF8","pink"
"TRAF2","blue"
"GSDMB","brown"
"ANXA6","brown"
"ACSF2","brown"
"LILRB5","green"
"BTBD2","blue"
"FBXO30","turquoise"
"ANO6","turquoise"
"SLC39A13","blue"
"LILRA1","pink"
"RPL15","brown"
"EPG5","turquoise"
"CDADC1","yellow"
"CLIC4","turquoise"
"OCLN","grey"
"PIK3IP1","red"
"ZNF688","blue"
"TPM1","purple"
"RPP25L","blue"
"SIK1B","tan"
"RPS29","brown"
"FBXW2","yellow"
"ULK1","green"
"FAM53C","turquoise"
"PIM2","brown"
"TWF2","blue"
"USF3","turquoise"
"TAMALIN","blue"
"TAFA2","turquoise"
"FAM20C","blue"
"CLINT1","turquoise"
"NSA2","red"
"TMF1","turquoise"
"RTN1","grey"
"LHPP","blue"
"ANTXR2","turquoise"
"SIGLEC12","grey"
"AKR1C1","yellow"
"LCOR","turquoise"
"SOCS5","yellow"
"PPT1","turquoise"
"MS4A14","salmon"
"MCM4","magenta"
"C1orf122","blue"
"TOM1","blue"
"SCAF11","turquoise"
"SERF1A","grey"
"HEATR5B","turquoise"
"PGRMC1","purple"
"C1GALT1","turquoise"
"STK4","turquoise"
"TTYH2","salmon"
"MTMR11","salmon"
"NPEPPS","turquoise"
"RELB","blue"
"RRP7A","brown"
"ANKRD55","turquoise"
"RNASE4","grey"
"RRP9","brown"
"ZMYND15","green"
"PRKAR1B","blue"
"ACP2","blue"
"CDC42SE1","turquoise"
"SAT1","turquoise"
"HBP1","turquoise"
"IL23A","brown"
"MYCBP2","pink"
"ERAP1","pink"
"SLC16A6","turquoise"
"JAM3","purple"
"SCYL2","turquoise"
"SNX13","turquoise"
"LYPLA2","blue"
"TEX264","brown"
"SIL1","blue"
"CDC123","turquoise"
"MIS18BP1","turquoise"
"LNPK","turquoise"
"RPS8","brown"
"ATXN1L","turquoise"
"CEP63","turquoise"
"BICRAL","turquoise"
"FAM234A","blue"
"MSL3","yellow"
"IFRD1","turquoise"
"SPC24","magenta"
"BIRC6","turquoise"
"CCDC153","blue"
"MYLK","purple"
"CPSF1","brown"
"RTL8C","blue"
"TTC16","brown"
"STK38L","turquoise"
"NUCB2","magenta"
"EFCAB12","green"
"CEP55","magenta"
"PHF11","black"
"MAP3K11","blue"
"ANO10","yellow"
"CKS2","magenta"
"TMEM187","blue"
"RBMS1","turquoise"
"SHTN1","turquoise"
"CACNG6","brown"
"FRY","turquoise"
"RPL5","brown"
"UBXN1","brown"
"MAFG","yellow"
"ATP6V1B2","turquoise"
"DDX39A","brown"
"HK2","turquoise"
"SAMD8","turquoise"
"LPGAT1","turquoise"
"LYN","turquoise"
"ZNF487","yellow"
"FAM228B","green"
"EPC2","turquoise"
"PARP4","turquoise"
"MARCHF7","turquoise"
"ETHE1","brown"
"TXK","red"
"ALCAM","turquoise"
"KPTN","blue"
"SGTB","turquoise"
"PIWIL4","greenyellow"
"WDR25","blue"
"NIPBL","turquoise"
"FCHO1","blue"
"MGLL","purple"
"CRELD2","brown"
"KIR3DL2","red"
"LY6G5C","blue"
"IL27","blue"
"ATG4D","blue"
"APEX1","brown"
"FAAP100","blue"
"NCOA3","turquoise"
"ZNF865","blue"
"HEXD","blue"
"C2orf74","brown"
"ARHGEF6","pink"
"IGF2BP3","turquoise"
"CATSPER1","blue"
"CTSC","turquoise"
"RANBP9","turquoise"
"NLRC3","red"
"S1PR3","turquoise"
"GPR35","blue"
"S100A11","yellow"
"RPL37","brown"
"ST6GALNAC2","turquoise"
"SPG11","turquoise"
"TM6SF1","turquoise"
"PLAGL1","turquoise"
"LOC643802","turquoise"
"C2orf88","purple"
"MAGED1","brown"
"ISY1-RAB43","turquoise"
"TRAF5","red"
"RPL19","brown"
"HES1","yellow"
"FBXO34","turquoise"
"RCOR1","turquoise"
"POLD4","blue"
"NSMF","brown"
"PPM1K","black"
"LYPLA1","turquoise"
"OXSR1","turquoise"
"RPL12","brown"
"RNASEL","turquoise"
"CLEC3B","blue"
"ERP29","brown"
"SPATA13","turquoise"
"KDM1B","turquoise"
"PNKD","brown"
"ICAM4","blue"
"F2R","pink"
"SVIP","magenta"
"PBXIP1","brown"
"LATS2","turquoise"
"BMP6","turquoise"
"RBM47","turquoise"
"KCTD12","turquoise"
"RAB11FIP1","turquoise"
"E4F1","blue"
"PTGS1","purple"
"YIF1A","brown"
"ACP3","turquoise"
"C16orf86","blue"
"ATF6","turquoise"
"LAMP2","turquoise"
"CYC1","brown"
"TSHZ3","turquoise"
"STX3","turquoise"
"BUD23","brown"
"RAB3IL1","yellow"
"SHFL","black"
"TRAM2","tan"
"CLEC6A","turquoise"
"TARBP2","brown"
"EIF3K","brown"
"RAD51","magenta"
"DOC2B","greenyellow"
"PRKCQ","red"
"BHLHE40","turquoise"
"KCTD14","black"
"ZSWIM6","turquoise"
"SYNGR2","blue"
"IL10RA","red"
"ZFP36L1","turquoise"
"GLIPR1","turquoise"
"ODC1","pink"
"GCC2","turquoise"
"RNF111","turquoise"
"D2HGDH","blue"
"NPIPA2","brown"
"CTRL","blue"
"ZNF581","blue"
"PTPRE","turquoise"
"PKIG","blue"
"PDLIM1","purple"
"TMEM205","blue"
"CHST15","turquoise"
"DNAJC3","turquoise"
"DGKQ","blue"
"AHR","turquoise"
"CNIH4","yellow"
"MAN2B1","brown"
"TMEM63C","grey"
"ASL","blue"
"RAMP1","blue"
"LYSMD3","turquoise"
"CENPN","magenta"
"MRPL53","blue"
"FKBP1B","blue"
"ARNTL","turquoise"
"SNX10","turquoise"
"TENM1","turquoise"
"SLF1","yellow"
"COA4","brown"
"LPXN","red"
"PNPT1","black"
"CFAP92","yellow"
"NFATC2","red"
"DDX5","pink"
"CD180","brown"
"TCEAL9","magenta"
"PPA1","brown"
"SH3GLB2","brown"
"EPHX2","brown"
"LBR","turquoise"
"DPCD","blue"
"VENTX","blue"
"NKTR","pink"
"SIRT1","turquoise"
"EEF1AKMT4","blue"
"TCTEX1D1","greenyellow"
"PRPF31","brown"
"SCD","magenta"
"SLC25A44","turquoise"
"SIPA1","blue"
"SRGAP2B","turquoise"
"ADORA2A","blue"
"KRI1","brown"
"RLF","turquoise"
"PPTC7","turquoise"
"TNFRSF10C","turquoise"
"FAR1","turquoise"
"IL27RA","brown"
"EXT1","yellow"
"MFSD13A","green"
"MTG1","brown"
"CTDSPL","purple"
"VPS13B","turquoise"
"AGAP4","grey"
"YBX3","cyan"
"GLCCI1","turquoise"
"ATP2B4","turquoise"
"SECISBP2L","turquoise"
"ATP8A1","turquoise"
"THAP3","blue"
"UQCC2","brown"
"FOXM1","magenta"
"ENPP4","turquoise"
"SLC39A8","grey"
"MFSD3","blue"
"TOMM6","brown"
"TNFRSF4","blue"
"PCGF5","black"
"ZKSCAN7","turquoise"
"SAMD4A","black"
"SEMA6B","green"
"DDX49","blue"
"SPAG1","turquoise"
"FAHD2B","brown"
"RNF157","brown"
"ACD","blue"
"DGAT1","blue"
"TMEM164","turquoise"
"PARP11","black"
"SPIB","brown"
"MGST1","grey"
"NDOR1","blue"
"TES","pink"
"HINT1","brown"
"DHRS12","green"
"TP53INP2","turquoise"
"PTPN11","pink"
"RNF19A","turquoise"
"POLE4","blue"
"TNFRSF13C","brown"
"RASAL3","blue"
"CLEC4G","blue"
"TMEM147","brown"
"CD53","turquoise"
"DNAJB5","yellow"
"ROCK2","turquoise"
"CD68","salmon"
"CIB1","brown"
"ISYNA1","blue"
"MTHFS","green"
"ANXA8L1","magenta"
"YIF1B","blue"
"OPRL1","green"
"LAIR1","grey"
"CXorf21","turquoise"
"SYNE1","turquoise"
"BAMBI","grey"
"PRSS36","green"
"CXCR4","turquoise"
"SMIM3","turquoise"
"GPX4","brown"
"HNRNPH1","red"
"XAB2","blue"
"KIR3DL1","red"
"MDFIC","red"
"ADCK5","blue"
"TTC26","turquoise"
"ENTPD7","yellow"
"GNB2","blue"
"PRKCZ","green"
"SERF2","blue"
"NUP210","red"
"DDIAS","turquoise"
"FBXL5","turquoise"
"TNK2","blue"
"HAGH","blue"
"IL6ST","turquoise"
"AKT1S1","blue"
"RAB5A","turquoise"
"REL","turquoise"
"CTLA4","brown"
"ARAP3","turquoise"
"OAT","turquoise"
"NCALD","red"
"GPD2","turquoise"
"PTBP2","yellow"
"SLC9A8","yellow"
"ZFPL1","blue"
"MKI67","magenta"
"GABARAPL1","turquoise"
"AQP1","cyan"
"ALDH2","blue"
"TIMM17B","blue"
"CLTB","blue"
"ABCA2","green"
"ASH1L","turquoise"
"CLPP","blue"
"ATRX","turquoise"
"PLXDC2","turquoise"
"HMGB3","magenta"
"CDCA3","magenta"
"COCH","turquoise"
"ICAM1","grey"
"SLC39A3","blue"
"UQCC3","blue"
"PCP2","blue"
"BIK","green"
"COL9A3","yellow"
"CMTM1","turquoise"
"IDUA","blue"
"ATG101","blue"
"DPH7","brown"
"SRXN1","turquoise"
"GLT1D1","turquoise"
"FN1","turquoise"
"LDHA","yellow"
"BAZ1A","turquoise"
"RGS10","brown"
"ERF","green"
"FKBPL","blue"
"TMC4","green"
"NMUR1","red"
"FCGRT","blue"
"TMCC1","turquoise"
"CARD19","blue"
"ZFP36L2","grey"
"TOMM40","brown"
"E2F2","magenta"
"MYL12A","turquoise"
"E2F5","tan"
"GRAP2","purple"
"UBALD2","green"
"PIEZO1","brown"
"FAM91A1","turquoise"
"NR3C1","turquoise"
"TOP1","turquoise"
"BTN2A2","black"
"WDR44","turquoise"
"YIPF2","blue"
"ALYREF","brown"
"GFER","blue"
"JAML","grey"
"CD82","green"
"FXYD1","blue"
"TMLHE","yellow"
"MYO1G","brown"
"SH3BP1","brown"
"ALDOC","blue"
"TMED1","blue"
"SNX3","yellow"
"RAD23A","brown"
"C1orf35","blue"
"WDR47","turquoise"
"CD33","salmon"
"RNASET2","green"
"RETREG1","turquoise"
"DHCR24","magenta"
"MTLN","blue"
"CASP7","black"
"TMEM120A","green"
"MED12","turquoise"
"PPOX","brown"
"TAB2","turquoise"
"AIP","brown"
"MRPL27","brown"
"KCND1","green"
"TCF19","magenta"
"AZIN1","turquoise"
"RPS3","brown"
"LSR","brown"
"HORMAD1","turquoise"
"EHD3","purple"
"ZNF93","turquoise"
"FAM24B","brown"
"POMZP3","blue"
"KIF5B","turquoise"
"PGM2","turquoise"
"CASP8AP2","pink"
"ELMO2","turquoise"
"HMGN3","brown"
"USP5","brown"
"SFXN1","magenta"
"BORCS8-MEF2B","green"
"SDHAF1","blue"
"PXMP2","blue"
"HDAC4","yellow"
"CYHR1","blue"
"ALDH3B1","blue"
"YTHDF3","turquoise"
"AKR1A1","brown"
"CERT1","turquoise"
"NFE2","green"
"SPAG5","magenta"
"TMSB10","brown"
"TNFRSF12A","green"
"CDK19","turquoise"
"CFH","black"
"PPP1R12C","blue"
"PHF21A","turquoise"
"ENTPD6","brown"
"OGFR","blue"
"ZYX","green"
"GDPD3","green"
"SEL1L","turquoise"
"RAB31","turquoise"
"PTRHD1","brown"
"CTNNAL1","magenta"
"RFX3","yellow"
"LITAF","turquoise"
"NPTN","turquoise"
"SEC24A","turquoise"
"NAGLU","blue"
"UQCR11","blue"
"WASHC1","blue"
"ARHGAP26","turquoise"
"MAPK1","turquoise"
"CDC42","turquoise"
"LRRFIP1","turquoise"
"RFTN1","brown"
"TRIM14","black"
"POLR2J2","grey"
"GTF2IRD2","blue"
"ZSCAN18","brown"
"AP2S1","brown"
"KIAA0232","turquoise"
"ZC3H7A","turquoise"
"RELL2","blue"
"SMYD5","brown"
"IGSF6","turquoise"
"CHCHD6","brown"
"TWF1","turquoise"
"PCMTD1","turquoise"
"GADD45G","blue"
"LST1","blue"
"NAPA","black"
"FABP4","yellow"
"PBK","magenta"
"AIFM3","blue"
"HDHD5","brown"
"SPC25","magenta"
"RSF1","turquoise"
"KLHL24","turquoise"
"RPS6KB2","blue"
"PLEKHJ1","blue"
"MPZ","yellow"
"DYRK2","red"
"IDH3G","blue"
"TMEM158","purple"
"GNAZ","purple"
"PEMT","blue"
"CPQ","turquoise"
"CRYZ","red"
"SIRPA","turquoise"
"ACOX1","turquoise"
"DDIT3","grey"
"KIAA1958","black"
"CHURC1-FNTB","yellow"
"SNRNP25","brown"
"AFDN","turquoise"
"MCUB","brown"
"LENG1","blue"
"MARVELD1","blue"
"NCL","red"
"TAGLN2","turquoise"
"H4C5","grey"
"RUNX2","turquoise"
"FRMD4B","turquoise"
"GPR137B","grey"
"LSM4","brown"
"KDM6B","turquoise"
"DSE","turquoise"
"RFXANK","blue"
"SHCBP1","magenta"
"MTMR6","turquoise"
"ATP5ME","brown"
"LTA","brown"
"RAP1A","turquoise"
"ACOT8","blue"
"PLEKHM3","turquoise"
"CGAS","yellow"
"TMEM260","yellow"
"GPX7","brown"
"B3GALT6","blue"
"H3-3A","turquoise"
"NDUFB10","brown"
"LYVE1","turquoise"
"USP34","turquoise"
"AARSD1","brown"
"SLC35E2A","grey"
"MFAP3","turquoise"
"FBXL15","blue"
"NPIPB13","turquoise"
"IL15","black"
"PPM1F","green"
"MAN1B1","blue"
"PLEC","blue"
"ERI1","turquoise"
"RNF141","turquoise"
"CHID1","blue"
"IL21R","brown"
"SOD1","brown"
"ATP2B1","turquoise"
"SPACA6","blue"
"CDC14B","purple"
"ANAPC2","blue"
"CIITA","brown"
"UBE2H","yellow"
"CRISP2","greenyellow"
"PRSS50","blue"
"SLC27A2","greenyellow"
"MAGEH1","brown"
"ARMC6","blue"
"ZC3HAV1","turquoise"
"CENPV","brown"
"PTMA","red"
"RAPGEF6","turquoise"
"METTL9","yellow"
"VAPA","yellow"
"OSCAR","blue"
"TRAF1","brown"
"CSF2RA","turquoise"
"SPRY2","grey"
"IKBIP","turquoise"
"BORCS8","blue"
"NR1H2","blue"
"IGHE","brown"
"DEPDC1B","magenta"
"RGS14","blue"
"TRIM28","brown"
"DENND11","pink"
"CDPF1","blue"
"TMEM265","blue"
"SDE2","turquoise"
"SETDB2-PHF11","turquoise"
"KCNE3","turquoise"
"IL4R","yellow"
"PREX1","turquoise"
"TMEM92","yellow"
"PLAAT1","purple"
"RABL6","blue"
"DOK4","green"
"CERS4","blue"
"MFSD14C","blue"
"NUDC","blue"
"ZNF446","blue"
"LLGL2","brown"
"ERMN","turquoise"
"PEX6","blue"
"MRPL20","brown"
"MBNL1","turquoise"
"CLTCL1","greenyellow"
"MARCKS","turquoise"
"MYC","brown"
"ARSA","blue"
"TSPAN13","grey"
"ZNF552","turquoise"
"FAU","blue"
"RNF149","turquoise"
"APOL2","black"
"M1AP","greenyellow"
"XPO1","pink"
"FAM98C","blue"
"ALKBH2","brown"
"DDT","blue"
"TMEM134","blue"
"TCL1B","brown"
"PDIA6","tan"
"ARHGEF12","turquoise"
"MGMT","blue"
"FBXO38","turquoise"
"PABPC1","red"
"TPR","turquoise"
"WDR11","pink"
"SAT2","brown"
"ABCC3","purple"
"WWC3","turquoise"
"SNX27","turquoise"
"ANPEP","grey"
"HLA-F","blue"
"LAPTM4B","purple"
"PPP1R16B","red"
"PPIH","brown"
"TAPBPL","brown"
"P2RX1","yellow"
"PHIP","turquoise"
"CENPT","brown"
"COQ8A","blue"
"TMEM14C","brown"
"GOLGA8O","turquoise"
"CRIP3","blue"
"SLC25A38","brown"
"RHOU","turquoise"
"SNX18","turquoise"
"PLPP5","tan"
"SUMF2","brown"
"RPL29","brown"
"LIN7B","blue"
"EAF1","turquoise"
"ARHGAP45","blue"
"ZNF516","turquoise"
"NAGK","brown"
"CYRIB","turquoise"
"FLOT2","green"
"FUZ","blue"
"ATP13A1","brown"
"RAD21","turquoise"
"ILF3","brown"
"NOP56","brown"
"FBXL3","turquoise"
"SUSD6","turquoise"
"ZNF414","blue"
"ST3GAL3","blue"
"GALT","brown"
"VAV3","turquoise"
"SGTA","blue"
"STK25","brown"
"GNA15","blue"
"SPAG7","brown"
"SEC14L2","yellow"
"SRBD1","turquoise"
"CENPU","magenta"
"DPEP2","grey"
"GSN","green"
"ACADM","pink"
"MTX1","green"
"TMEM150A","blue"
"TRMT61A","blue"
"UBA7","brown"
"PCBP3","green"
"KDM3B","turquoise"
"ANAPC15","blue"
"SLC45A4","green"
"NT5C2","turquoise"
"SH3YL1","brown"
"PGAP6","blue"
"MRPS18A","blue"
"OAF","brown"
"GTSF1","brown"
"SUCNR1","greenyellow"
"HOXB2","brown"
"RUSF1","brown"
"CCDC125","turquoise"
"CDKN2C","magenta"
"CHD2","turquoise"
"ATP10A","salmon"
"PIK3CA","turquoise"
"LGALS9B","blue"
"ZNF185","turquoise"
"DOCK11","turquoise"
"LRIF1","turquoise"
"FAM3C","tan"
"ELF2","turquoise"
"CA11","brown"
"GMNN","magenta"
"PPIB","brown"
"CAPN3","blue"
"ST8SIA4","turquoise"
"RPS4Y2","grey"
"RAP1GAP","cyan"
"ZFX","turquoise"
"CD163L1","yellow"
"ACSL3","turquoise"
"YBEY","blue"
"SESTD1","turquoise"
"PTPRO","salmon"
"TBC1D14","turquoise"
"IMPDH2","brown"
"IFRD2","brown"
"NF1","turquoise"
"STK26","turquoise"
"H2BC12","turquoise"
"INTS11","blue"
"NPM3","brown"
"POLR2H","brown"
"SAMD10","brown"
"SRSF5","pink"
"SLX1A","blue"
"MEI1","blue"
"ZNF784","blue"
"NR1D2","red"
"BPGM","turquoise"
"ABHD8","blue"
"KRAS","turquoise"
"BCL3","green"
"RYBP","turquoise"
"MEFV","turquoise"
"SETX","turquoise"
"UTRN","pink"
"IL15RA","black"
"RAB6B","purple"
"BBX","turquoise"
"TFRC","magenta"
"ZNF148","turquoise"
"RNF145","turquoise"
"BST1","turquoise"
"MRPS26","brown"
"RNASEH2A","brown"
"TMEM65","turquoise"
"BUB1B","magenta"
"PELI2","turquoise"
"RAB4B","blue"
"CUEDC1","blue"
"ECI2","brown"
"P2RY12","turquoise"
"TMEM71","turquoise"
"FBXW9","blue"
"CRKL","turquoise"
"RAB40C","blue"
"RPS6","brown"
"WDR46","brown"
"HIP1R","brown"
"NAP1L1","brown"
"PIK3R6","brown"
"CASP4","turquoise"
"SHOC2","turquoise"
"IFI30","black"
"RPS10","brown"
"VCPKMT","turquoise"
"FAM174A","turquoise"
"PGPEP1","blue"
"TSC22D4","blue"
"ATF5","brown"
"ZEB1","turquoise"
"EMC9","blue"
"SATB1","turquoise"
"GMPPA","brown"
"PHB","brown"
"TOMM7","brown"
"AZI2","turquoise"
"STING1","brown"
"DUSP23","blue"
"REC8","black"
"COX6C","brown"
"TMEM9","blue"
"APH1B","yellow"
"RIT1","turquoise"
"HS2ST1","turquoise"
"CPNE8","turquoise"
"UXT","brown"
"IFNAR1","turquoise"
"VIPR1","grey"
"TTC37","pink"
"NOC4L","blue"
"SSTR3","black"
"RO60","turquoise"
"KIAA0040","turquoise"
"MED23","turquoise"
"APBA2","brown"
"RAD51AP1","magenta"
"GBP2","turquoise"
"RBM43","turquoise"
"RILP","blue"
"UQCRQ","blue"
"LMTK2","turquoise"
"PIK3CG","turquoise"
"ZNF511","brown"
"OSBPL5","brown"
"GPR132","blue"
"PSMB9","black"
"LOC102724957","green"
"SLC7A7","salmon"
"SEM1","brown"
"EMC2","turquoise"
"AMPD3","turquoise"
"TRIM69","black"
"PLXND1","salmon"
"LYSMD1","green"
"ITCH","turquoise"
"GNB4","turquoise"
"MBP","turquoise"
"APBB1IP","turquoise"
"ZNFX1","turquoise"
"CYTIP","turquoise"
"RIN1","blue"
"RASA4B","brown"
"PUF60","brown"
"NAA10","blue"
"PMM1","blue"
"MED14OS","green"
"MICALCL","turquoise"
"PELP1","brown"
"PIAS1","turquoise"
"RNF13","turquoise"
"FRAT1","yellow"
"ABCE1","pink"
"GPR146","blue"
"SCARB2","black"
"FOXP3","brown"
"TAL1","purple"
"GLYCTK","blue"
"SLFN12","turquoise"
"CDIP1","brown"
"HES4","black"
"SLC1A5","brown"
"MXD3","green"
"PTPA","brown"
"SOCS2","brown"
"TMEM161A","blue"
"RASA1","turquoise"
"ZNF496","black"
"NPIPB4","turquoise"
"HP1BP3","pink"
"TGFBR1","turquoise"
"PNISR","pink"
"ARFGEF1","turquoise"
"LYRM4","brown"
"ZNF33A","turquoise"
"C1RL","turquoise"
"MAT2B","pink"
"USP9X","turquoise"
"AAMDC","blue"
"PQBP1","brown"
"STX7","turquoise"
"UPK3B","blue"
"MRPS18B","brown"
"KIFC3","green"
"TXNRD2","blue"
"LUZP6","turquoise"
"MTPN","turquoise"
"MRPL46","brown"
"WAC","turquoise"
"CD1D","brown"
"UNC93B1","blue"
"BEX5","brown"
"MBOAT7","green"
"SH3GL1","blue"
"TWIST2","magenta"
"GLUL","turquoise"
"GOLGA7B","brown"
"VWA5A","yellow"
"CD99","brown"
"TRIP6","blue"
"CCDC24","blue"
"AP5B1","turquoise"
"PDK2","brown"
"BPTF","turquoise"
"VAT1","blue"
"ATF7IP","turquoise"
"SIDT2","brown"
"MARCHF2","blue"
"TMOD1","cyan"
"ARFIP1","turquoise"
"C17orf97","grey"
"CBR1","brown"
"FBXO2","blue"
"TOR1AIP1","turquoise"
"CAPZA1","turquoise"
"PDE4D","yellow"
"MAPK6","turquoise"
"ITGAM","turquoise"
"PHETA1","blue"
"PLK1","magenta"
"DCP2","turquoise"
"ZNF441","turquoise"
"LDLR","turquoise"
"PRR14L","turquoise"
"SIGLEC9","grey"
"DAB2","turquoise"
"LONRF1","turquoise"
"COPZ2","brown"
"WDR82","pink"
"HIPK2","turquoise"
"OSBPL7","brown"
"GLI1","turquoise"
"ZMAT5","blue"
"C2orf69","turquoise"
"HSPA6","grey"
"RPS17","brown"
"LRPAP1","green"
"PWWP2B","blue"
"UFL1","pink"
"TMPO","pink"
"CD200R1","pink"
"RAB19","yellow"
"ATG2A","blue"
"ANKRD44","turquoise"
"GAPT","turquoise"
"CLMN","yellow"
"HIVEP2","turquoise"
"TUFM","brown"
"RNF6","turquoise"
"MAOB","purple"
"ARFGEF2","pink"
"EMILIN2","turquoise"
"NSUN5","blue"
"RSU1","pink"
"SRPRB","brown"
"TMEM109","brown"
"ZNF146","pink"
"SNX16","turquoise"
"VSIG8","yellow"
"AKAP13","turquoise"
"ARL11","yellow"
"PLPP3","turquoise"
"CHST7","blue"
"CADM4","green"
"CDC6","magenta"
"HGD","grey"
"CCR6","red"
"GOLM1","salmon"
"TBC1D10A","blue"
"EIF2AK3","pink"
"CFLAR","turquoise"
"KDM4B","green"
"OGFOD2","blue"
"FAM172A","turquoise"
"ZC3H12A","yellow"
"FZR1","blue"
"DMAC1","brown"
"UAP1L1","blue"
"SPATC1","yellow"
"STAT5B","turquoise"
"KLF12","red"
"CLEC4F","brown"
"SP110","black"
"MYG1","brown"
"TMEM169","yellow"
"GTF2I","turquoise"
"NEDD8-MDP1","green"
"TRIM38","black"
"STRN","turquoise"
"CD40","brown"
"APOBEC3C","brown"
"SLC7A5","magenta"
"BCKDHA","blue"
"NCAPG2","magenta"
"CRTAM","red"
"BABAM1","brown"
"SP1","turquoise"
"SNRK","turquoise"
"PARP1","brown"
"RPL11","brown"
"RASGEF1B","grey"
"PPP2R2B","red"
"RGS3","green"
"C15orf39","blue"
"FAM151B","turquoise"
"DDX18","pink"
"ITM2B","turquoise"
"AIF1","grey"
"PDE6G","blue"
"PCNA","magenta"
"ICA1","greenyellow"
"GYPE","cyan"
"TNS1","cyan"
"ARPC4-TTLL3","green"
"ARPIN","grey"
"NSMAF","turquoise"
"IFT43","brown"
"FBXW4","brown"
"UBXN7","turquoise"
"NLRX1","green"
"RFX5","red"
"PHLPP1","yellow"
"TMEM203","brown"
"CPM","yellow"
"C3orf62","turquoise"
"IKBKE","brown"
"MAP2K4","turquoise"
"IMP3","brown"
"MANEA","turquoise"
"JAK1","turquoise"
"RAP2C","turquoise"
"C17orf49","brown"
"DNAAF4","green"
"PICK1","blue"
"GCDH","brown"
"RNF187","brown"
"CASP1","black"
"HAGHL","blue"
"PNPLA2","blue"
"CAPN10","blue"
"MACF1","turquoise"
"FLOT1","yellow"
"TMED7","turquoise"
"ASNSD1","turquoise"
"TMEM185B","yellow"
"LIMK1","grey"
"RAD23B","turquoise"
"DYRK1A","turquoise"
"PRDM8","turquoise"
"ELMO3","blue"
"DNAJB2","blue"
"BBS10","turquoise"
"GHDC","blue"
"LPCAT3","turquoise"
"NEMF","turquoise"
"GLI4","blue"
"TRIM21","black"
"CHST2","blue"
"TSPAN9","purple"
"CLK4","turquoise"
"RAB27A","turquoise"
"NXT1","brown"
"MED25","green"
"ELOVL3","greenyellow"
"DNASE2","brown"
"PCNX4","turquoise"
"SNRPC","brown"
"PASK","brown"
"CTSH","brown"
"PLTP","blue"
"TCTEX1D2","blue"
"TBC1D9","pink"
"OVCA2","brown"
"HYAL2","green"
"MFNG","brown"
"C16orf91","blue"
"PHF3","turquoise"
"ENO3","brown"
"FAM76B","turquoise"
"TDP2","turquoise"
"ZNF763","turquoise"
"KAT2A","brown"
"COX7C","brown"
"CLN3","blue"
"ENTPD2","grey"
"TMEM38A","blue"
"INTS6","turquoise"
"ANKDD1A","turquoise"
"DPYSL2","salmon"
"NDUFAB1","brown"
"CYSLTR2","grey"
"TMEM102","blue"
"DNAJC14","turquoise"
"NUDT7","grey"
"GCSAM","red"
"EIF4A2","red"
"CARD16","turquoise"
"DIPK1A","tan"
"KCTD21","turquoise"
"FERMT3","blue"
"TMEM219","brown"
"PROCA1","blue"
"CTSO","pink"
"TNFRSF9","turquoise"
"B3GAT1","red"
"ARL6IP6","yellow"
"LRCH4","blue"
"RAB10","turquoise"
"TMED7-TICAM2","turquoise"
"HEATR5A","turquoise"
"PNRC1","turquoise"
"DNAJB14","turquoise"
"TAB3","turquoise"
"POC1A","blue"
"PLA2G4A","turquoise"
"PTRH1","blue"
"SRC","brown"
"CTDSP2","turquoise"
"GRAMD1A","yellow"
"COPB1","turquoise"
"ITPRIP","turquoise"
"SDC2","grey"
"NDUFB8","brown"
"YJU2","blue"
"MRPL9","brown"
"MELK","magenta"
"BCS1L","brown"
"SMIM34A","yellow"
"SSB","red"
"RCBTB2","turquoise"
"PINLYP","blue"
"SLC25A45","brown"
"MYADM","turquoise"
"ADAP2","salmon"
"BRPF3","turquoise"
"FHDC1","turquoise"
"PRDX1","brown"
"RPS13","brown"
"GET4","blue"
"LONP2","turquoise"
"NOXRED1","yellow"
"CUL1","red"
"JADE2","grey"
"ADAM10","turquoise"
"ABCB6","blue"
"RRP12","blue"
"EIF3B","brown"
"FOXC1","yellow"
"UBE2B","turquoise"
"SHISA4","blue"
"DIPK1B","purple"
"GIMAP1","brown"
"CHIC2","yellow"
"MCM7","brown"
"WDR26","turquoise"
"PRPF19","brown"
"TSPAN17","brown"
"KIF3C","yellow"
"NMI","black"
"SLC1A4","magenta"
"OIP5","magenta"
"ATIC","brown"
"JAKMIP1","red"
"CEP135","turquoise"
"MINDY2","turquoise"
"RLIM","turquoise"
"NMB","blue"
"MYO5A","turquoise"
"RANBP1","brown"
"CHPF","brown"
"PRKCB","turquoise"
"TM7SF2","blue"
"CYB5D1","turquoise"
"UBL3","turquoise"
"BOLA3","brown"
"TAF2","pink"
"ANLN","magenta"
"SERPINB6","brown"
"SNU13","brown"
"LOC391322","grey"
"TMEM259","blue"
"WDFY1","turquoise"
"DCAF12","turquoise"
"PIP5K1B","turquoise"
"INPP4B","red"
"ZNF600","red"
"MEX3C","pink"
"HHEX","turquoise"
"IMMP1L","brown"
"RIN2","salmon"
"PIGB","turquoise"
"CCDC57","blue"
"ZGLP1","blue"
"UTS2R","green"
"FARS2","brown"
"SART1","blue"
"GGT7","brown"
"PPAN","brown"
"SEC14L1","turquoise"
"ZNF222","turquoise"
"VMP1","turquoise"
"ANKRD12","turquoise"
"LYRM9","blue"
"PLIN2","grey"
"RPS6KA4","brown"
"RAVER1","blue"
"TIMM9","brown"
"UTP14C","turquoise"
"ACSS1","brown"
"FBRSL1","blue"
"TMEM106C","magenta"
"ZBTB1","pink"
"MLLT6","brown"
"RHBDF2","blue"
"NR2C2AP","brown"
"HERC2","pink"
"LIMS1","turquoise"
"AGFG2","brown"
"STYXL1","blue"
"MIB1","turquoise"
"RBMX","red"
"TMEM33","turquoise"
"PEAR1","purple"
"CPNE2","greenyellow"
"PTDSS2","blue"
"CDCA8","magenta"
"HEXIM2","blue"
"HELB","turquoise"
"ZNF200","turquoise"
"DRG2","brown"
"RRAGD","turquoise"
"LAMP5","tan"
"ZNHIT2","blue"
"AGO2","turquoise"
"FUCA1","salmon"
"CFAP161","purple"
"MTRR","turquoise"
"ATP13A2","blue"
"IPO7","pink"
"MRPS21","brown"
"CIRBP","brown"
"ATP2A2","pink"
"TIMM8B","blue"
"GGA1","blue"
"BAK1","brown"
"SLAMF1","brown"
"SNX30","pink"
"OR2B6","black"
"NEK2","magenta"
"TRAP1","brown"
"NTMT1","blue"
"SEPTIN7","pink"
"SLC25A22","blue"
"C9orf40","grey"
"AKR7A2","brown"
"PMM2","brown"
"SPATS2","tan"
"CD2AP","black"
"MRPL43","brown"
"LYRM1","yellow"
"ABCC2","turquoise"
"TLE1","yellow"
"NUFIP2","turquoise"
"SEC24D","turquoise"
"KIR3DS1","grey"
"WDR83","blue"
"POLR2J3","grey"
"ACOT7","blue"
"PAPOLG","turquoise"
"MICB","turquoise"
"PIDD1","blue"
"DVL1","blue"
"MUTYH","brown"
"FHIT","brown"
"N4BP1","turquoise"
"ARRDC1","blue"
"TNFAIP8L2-SCNM1","blue"
"CD44","turquoise"
"ITFG1","turquoise"
"EXTL3","turquoise"
"MFSD2B","purple"
"GOLGA8R","turquoise"
"HECTD1","pink"
"ZMYND19","brown"
"CDA","yellow"
"ASTN2","turquoise"
"JMJD6","green"
"CACFD1","blue"
"NLRP2","grey"
"NDUFAF3","blue"
"IDH2","brown"
"TFDP1","turquoise"
"PLA2G6","blue"
"DHCR7","greenyellow"
"SHMT2","brown"
"KHK","blue"
"LOC728392","grey"
"APOBEC3D","brown"
"GABBR1","grey"
"TMEM42","brown"
"CPT1B","blue"
"NPRL3","blue"
"FLT1","turquoise"
"GFUS","blue"
"ARHGAP19","turquoise"
"EIF3A","pink"
"SERGEF","brown"
"OCM","blue"
"RMND5A","turquoise"
"TMEM115","blue"
"FRAT2","turquoise"
"IRF5","brown"
"UROD","brown"
"HPS6","blue"
"PDXDC1","pink"
"KLHL22","blue"
"CCP110","turquoise"
"TUBG1","magenta"
"RASSF1","brown"
"TBL3","blue"
"TLDC2","black"
"SHKBP1","green"
"POLR3H","brown"
"RALGPS2","turquoise"
"CLEC4A","grey"
"KRCC1","turquoise"
"MAP4K4","turquoise"
"CYBC1","blue"
"FAM241B","brown"
"HES6","blue"
"DHX34","green"
"IVNS1ABP","turquoise"
"WNT10B","brown"
"LGR6","brown"
"HIVEP1","turquoise"
"BMT2","turquoise"
"RPS27A","brown"
"ARHGEF11","turquoise"
"DUT","brown"
"C10orf143","brown"
"IGFBP7","yellow"
"ADSS2","turquoise"
"TNFSF12","brown"
"AURKA","magenta"
"ZNF746","turquoise"
"HECA","turquoise"
"FAM210B","cyan"
"USP38","turquoise"
"EXOC8","turquoise"
"PPIA","brown"
"TXNDC11","tan"
"NAGA","salmon"
"RPS3A","brown"
"SPART","turquoise"
"RFFL","turquoise"
"TP53","brown"
"ACAP3","blue"
"TGOLN2","turquoise"
"CSNK1A1L","yellow"
"DEFA5","greenyellow"
"IZUMO4","blue"
"HOMER2","purple"
"USP28","pink"
"CORO2A","yellow"
"LIMS2","blue"
"SIRPD","yellow"
"SH2D3A","brown"
"TAX1BP1","turquoise"
"RAB3D","turquoise"
"APOM","blue"
"SLC24A4","turquoise"
"BOLA1","brown"
"ABHD11","blue"
"SLC36A4","yellow"
"PHC1","pink"
"GMFB","turquoise"
"ZNF654","turquoise"
"ENGASE","brown"
"RAB27B","turquoise"
"EDEM1","turquoise"
"EPHX1","blue"
"ISL2","blue"
"PRKD2","blue"
"RACK1","brown"
"SMN1","pink"
"SPTBN1","turquoise"
"CEP350","turquoise"
"KANSL1L","turquoise"
"TRADD","brown"
"DNAJB9","turquoise"
"TMEM250","blue"
"SULT1A3","brown"
"GNG2","turquoise"
"DMTF1","pink"
"MDH2","brown"
"REV3L","turquoise"
"TPCN1","brown"
"RORC","brown"
"CPPED1","turquoise"
"LAMC1","turquoise"
"TCF20","turquoise"
"ERBB2","brown"
"FAM110B","yellow"
"BICDL2","grey"
"GLRX5","cyan"
"CIAO2B","brown"
"DHTKD1","turquoise"
"MDP1","blue"
"KCNA3","red"
"KIF13A","turquoise"
"CYLD","turquoise"
"HDGFL2","blue"
"FURIN","green"
"RPL21","brown"
"INHBA","greenyellow"
"HLA-C","turquoise"
"SERPINA1","turquoise"
"BNIP2","turquoise"
"CACNA1E","yellow"
"TMEM268","salmon"
"DMAP1","blue"
"PPP1CB","turquoise"
"DCTPP1","brown"
"TMEM165","turquoise"
"LPAR1","salmon"
"TMEM212","turquoise"
"ZMYND11","pink"
"UBN1","turquoise"
"MVP","blue"
"FBXO39","black"
"DENND2D","red"
"ACER3","yellow"
"TAF1","turquoise"
"KEL","cyan"
"SYNJ1","turquoise"
"GALNT2","yellow"
"FBLN5","brown"
"DGKA","red"
"SEPTIN6","red"
"ZNF658","turquoise"
"KIAA2026","turquoise"
"IL18","yellow"
"MCM6","magenta"
"NRM","blue"
"ID1","grey"
"TASOR2","pink"
"GNAS","turquoise"
"ZNF408","blue"
"INTS1","blue"
"MIB2","blue"
"PHF19","brown"
"SEC23A","turquoise"
"CD200","grey"
"EIF3F","brown"
"PAQR7","blue"
"ANGPT1","turquoise"
"EMP1","turquoise"
"TBRG4","brown"
"SFTPD","blue"
"HEY1","grey"
"HSPBAP1","yellow"
"PLA2G4C","grey"
"DYRK4","brown"
"HSD17B12","turquoise"
"GNG7","blue"
"TCAP","blue"
"SBK1","brown"
"MAD2L2","blue"
"BAX","brown"
"CDKN2D","green"
"RPL41","brown"
"GCM1","turquoise"
"NECAP1","turquoise"
"C1orf226","yellow"
"BCLAF1","turquoise"
"STARD4","pink"
"GRHPR","brown"
"RCBTB1","turquoise"
"MFSD9","turquoise"
"PAN3","turquoise"
"TACC1","turquoise"
"RIPOR3","cyan"
"VPS18","blue"
"C5AR2","green"
"SGSH","blue"
"NAB1","turquoise"
"BAZ2A","turquoise"
"REXO4","brown"
"MGRN1","green"
"PIM3","green"
"GNL3","brown"
"PYM1","brown"
"FADD","green"
"BEND2","turquoise"
"WASF1","turquoise"
"SETD9","grey"
"SPI1","blue"
"CORO1A","blue"
"AGK","pink"
"MAST3","green"
"ZBTB32","tan"
"NBPF9","grey"
"HNRNPDL","red"
"UNC13D","blue"
"TCTEX1D4","turquoise"
"KLF16","green"
"RPL9","brown"
"HSPA1L","yellow"
"GCNA","turquoise"
"NOC2L","brown"
"TXN","yellow"
"ALS2CL","brown"
"PTPRJ","turquoise"
"IL12RB1","brown"
"C9orf139","green"
"POC1B","turquoise"
"SWT1","turquoise"
"TNFSF8","pink"
"C1orf159","blue"
"PDE6H","greenyellow"
"NUDT16L1","blue"
"TNFSF4","turquoise"
"C1QBP","brown"
"TOR4A","blue"
"TNFAIP8L3","yellow"
"CASTOR1","blue"
"RNFT1","turquoise"
"MBD6","turquoise"
"LGALS8","turquoise"
"HSD17B4","pink"
"C1orf162","yellow"
"CCDC88A","pink"
"CC2D2B","yellow"
"UBA52","brown"
"TMEM144","turquoise"
"PELO","green"
"PPP3CC","red"
"RPL31","brown"
"SH3BP5","turquoise"
"TMEM272","turquoise"
"TRIM33","turquoise"
"HMGCR","turquoise"
"ITLN1","blue"
"NUDT8","blue"
"RNF103","turquoise"
"VRK2","turquoise"
"EIF6","brown"
"SLC7A6","red"
"LGALS3","brown"
"OXR1","turquoise"
"TRAPPC2L","brown"
"ST3GAL6","turquoise"
"M6PR","red"
"KMT2D","turquoise"
"ITGAX","turquoise"
"DDX54","brown"
"FMR1","turquoise"
"SEMA4A","yellow"
"PSMC3","brown"
"AGER","blue"
"SLC16A5","green"
"TYW5","yellow"
"RARG","brown"
"GNS","turquoise"
"CEP85L","turquoise"
"ZBTB6","turquoise"
"SNRPF","brown"
"RNF11","turquoise"
"PIGX","turquoise"
"SBDS","pink"
"VEGFA","turquoise"
"MEGF6","blue"
"ANKIB1","pink"
"B4GALNT3","grey"
"SLC30A1","turquoise"
"IFTAP","blue"
"NDST1","turquoise"
"MIER1","turquoise"
"SRRM2","pink"
"RHBDD3","blue"
"RPL7","brown"
"MBTD1","turquoise"
"PTGR1","yellow"
"NAT14","blue"
"RNASEH2C","brown"
"CIDEC","blue"
"ORAI2","green"
"BTLA","tan"
"PRMT5","turquoise"
"TMEM156","brown"
"VSIG2","purple"
"ARF5","blue"
"TFPI","yellow"
"GNPTAB","pink"
"AP1G1","turquoise"
"STIMATE","yellow"
"ATAD3B","blue"
"SEMA7A","blue"
"CLEC2B","grey"
"RNA28SN5","grey"
"GMFG","yellow"
"POLB","black"
"NEURL1","brown"
"XRN2","turquoise"
"IARS1","pink"
"ABI1","turquoise"
"PRKAG2","black"
"RNPS1","brown"
"CAMKK2","yellow"
"MLXIP","yellow"
"CAMK4","red"
"MCM3","brown"
"NET1","magenta"
"NUB1","black"
"SLC35A5","turquoise"
"MAZ","brown"
"HMGN4","pink"
"TMEM175","blue"
"DDX11","brown"
"SKI","turquoise"
"AP5Z1","blue"
"MRPS7","brown"
"CEP192","turquoise"
"GSTM3","grey"
"RALGDS","brown"
"SCGB3A2","brown"
"MTHFD2","turquoise"
"BIN2","turquoise"
"GSK3B","turquoise"
"HYOU1","brown"
"FIBP","brown"
"IRF1","black"
"ITGA6","red"
"ADRB2","grey"
"LSM2","brown"
"DMKN","brown"
"PSAT1","magenta"
"MDM1","turquoise"
"ARL6IP1","turquoise"
"THOC3","brown"
"FAM241A","turquoise"
"MARCHF5","turquoise"
"ACKR3","grey"
"PTGDR","red"
"CREM","turquoise"
"PRKX","red"
"ARHGAP21","turquoise"
"SENP6","turquoise"
"VPS8","turquoise"
"ADARB1","brown"
"RPL34","brown"
"CYP2S1","brown"
"DBP","brown"
"SNN","turquoise"
"CPSF7","turquoise"
"PNN","pink"
"SCLT1","turquoise"
"KIF2A","pink"
"PPP2R1A","blue"
"CDK4","brown"
"CACNA2D3","brown"
"TPM4","pink"
"LRRFIP2","yellow"
"ERCC1","brown"
"KLHL15","turquoise"
"CD63","yellow"
"SLC25A19","brown"
"MTMR1","turquoise"
"NELFB","blue"
"ASMTL","blue"
"FAM50A","brown"
"CAV2","turquoise"
"ALOX5","yellow"
"MEF2C","pink"
"TEPSIN","blue"
"CHEK1","magenta"
"PCNX3","blue"
"ANXA9","turquoise"
"BTF3","brown"
"FNBP4","pink"
"SSRP1","brown"
"GOLGA4","turquoise"
"RPL39","brown"
"KDM5B","turquoise"
"PPP2CB","turquoise"
"C1orf56","green"
"GFOD1","yellow"
"DDX59","turquoise"
"PHACTR2","turquoise"
"MOB3C","yellow"
"AMACR","turquoise"
"MTMR10","turquoise"
"SETD5","turquoise"
"SPEN","turquoise"
"CCNL1","turquoise"
"H2AC17","black"
"AARS1","brown"
"ARHGEF3","red"
"C5orf51","turquoise"
"SLC66A1","blue"
"GMPPB","brown"
"ALDH4A1","blue"
"DDOST","brown"
"MAML1","turquoise"
"DNAJC9","brown"
"SH2B1","brown"
"SNTB2","yellow"
"SPPL2B","blue"
"PGP","blue"
"SPTB","cyan"
"TRAF4","brown"
"TPP2","pink"
"ZNF333","turquoise"
"SEC61G","brown"
"KCTD20","turquoise"
"FUT4","greenyellow"
"PFKFB4","green"
"DBNDD2","brown"
"CDH23","blue"
"AVL9","turquoise"
"ATP1A1","red"
"ERGIC3","brown"
"LATS1","turquoise"
"SLC2A8","blue"
"FBXO7","cyan"
"PPIE","brown"
"GPR68","brown"
"VILL","blue"
"ATP2A3","blue"
"ORMDL3","brown"
"NDUFC2","blue"
"C3orf18","brown"
"AAMP","brown"
"SLC25A26","brown"
"ZMAT1","pink"
"WDFY4","turquoise"
"HNRNPLL","turquoise"
"NLRP12","turquoise"
"BCL2L1","cyan"
"SMAGP","brown"
"STAM2","turquoise"
"BMP2K","turquoise"
"ADCY4","green"
"NPL","turquoise"
"LIN54","turquoise"
"ATAD2","turquoise"
"NINJ2","green"
"SEPTIN2","pink"
"LSMEM2","green"
"ZMPSTE24","turquoise"
"CLASP1","turquoise"
"WNT5B","blue"
"ADAM8","blue"
"IMPA1","turquoise"
"LPIN1","red"
"TMEM167A","turquoise"
"PABPC4","brown"
"WDR6","brown"
"ASRGL1","brown"
"SGMS1","turquoise"
"SAMD1","blue"
"COMMD6","brown"
"NPEPL1","blue"
"FAM111A","black"
"FAM217B","turquoise"
"EPB41L4B","yellow"
"MRPS6","brown"
"ABHD13","turquoise"
"CDCA7","magenta"
"BRAF","turquoise"
"MOB2","blue"
"ZNF518A","turquoise"
"MAPRE3","yellow"
"ARMT1","turquoise"
"CLIP4","pink"
"MCU","turquoise"
"CREBBP","turquoise"
"ARL5B","turquoise"
"PITPNM1","blue"
"RPN2","brown"
"CLEC18B","green"
"HMOX2","brown"
"ENKUR","pink"
"PPP2R5A","turquoise"
"IRF9","black"
"SCAMP3","brown"
"ADCK2","blue"
"ADPRH","black"
"TDRP","purple"
"MMP14","blue"
"TTK","magenta"
"TRIM10","cyan"
"HDAC5","blue"
"LRRC45","blue"
"ATF1","turquoise"
"COPA","turquoise"
"GPA33","brown"
"SH2B3","pink"
"PRAF2","blue"
"MAP3K8","turquoise"
"MIDEAS","turquoise"
"SESN1","turquoise"
"TMEM208","brown"
"ZFYVE19","blue"
"NUTM2D","blue"
"UQCR10","blue"
"TCF3","brown"
"RBM25","turquoise"
"DDB2","brown"
"NEDD1","turquoise"
"SKA1","magenta"
"SPATC1L","blue"
"NOB1","brown"
"BSCL2","blue"
"PIK3C2A","turquoise"
"YWHAZ","turquoise"
"MRAS","brown"
"CBWD6","blue"
"LACTB","turquoise"
"CDC73","turquoise"
"IDS","turquoise"
"RPS11","brown"
"PDE5A","turquoise"
"CCT3","brown"
"CCHCR1","blue"
"SOS1","turquoise"
"NAT1","turquoise"
"IRAG2","turquoise"
"SPINK2","brown"
"BCKDK","blue"
"C15orf65","yellow"
"SDCBP2","green"
"STAT3","turquoise"
"CDC42EP1","blue"
"MARF1","turquoise"
"RRP1","blue"
"CLEC1A","turquoise"
"APBA3","blue"
"PHF1","brown"
"P2RX4","brown"
"RRAS2","red"
"RBM11","yellow"
"MCOLN1","blue"
"GFOD2","green"
"RAPGEFL1","turquoise"
"ERO1A","turquoise"
"POP7","blue"
"SH3PXD2B","yellow"
"ABHD17C","turquoise"
"ACTN1","turquoise"
"ANP32E","pink"
"PCK2","brown"
"TTLL3","green"
"TUBB8B","grey"
"EXOSC7","brown"
"CHKA","yellow"
"SLC38A10","blue"
"SRGAP2","turquoise"
"COPRS","brown"
"SRGAP2C","turquoise"
"B4GALT2","blue"
"ZFP91","turquoise"
"SLC43A2","green"
"STOML2","brown"
"TMSB15A","yellow"
"POLR3K","brown"
"NLGN3","turquoise"
"PSMG4","blue"
"GPR155","turquoise"
"RSAD1","brown"
"NT5DC4","turquoise"
"ZBTB11","turquoise"
"BRF1","blue"
"OGA","turquoise"
"RP9","brown"
"APOBR","blue"
"S100A9","grey"
"PPFIBP2","brown"
"SPOUT1","brown"
"COMTD1","blue"
"SMC3","pink"
"AREL1","turquoise"
"GTF2A1","turquoise"
"CNP","black"
"STRN3","turquoise"
"HMGN2","brown"
"TTLL4","turquoise"
"CCSAP","turquoise"
"DENND10","turquoise"
"TRAFD1","black"
"USO1","pink"
"LUC7L","brown"
"ZFAND5","turquoise"
"DNLZ","blue"
"MRTO4","brown"
"KIF20A","magenta"
"HHLA2","green"
"UBR3","turquoise"
"TBL1X","turquoise"
"HINT3","turquoise"
"SLC27A5","blue"
"ZNF800","turquoise"
"BRMS1","blue"
"DAPK3","blue"
"LRRC37A3","turquoise"
"MGST3","brown"
"TRIM7","blue"
"NOP58","brown"
"RPL7A","brown"
"SPTA1","cyan"
"BOLA2","blue"
"MRPL37","brown"
"EVA1C","brown"
"CCDC71","blue"
"TLCD4","greenyellow"
"HELZ","turquoise"
"NDEL1","turquoise"
"PLA2G4B","blue"
"CRYBG1","turquoise"
"PLCD1","blue"
"CLEC9A","grey"
"ACBD4","blue"
"SIGLEC11","grey"
"NR1H3","blue"
"MRPL21","brown"
"FBXW11","turquoise"
"ARMC5","blue"
"CUEDC2","blue"
"USP20","blue"
"YPEL3","green"
"ARHGEF1","blue"
"NCF1","grey"
"SDC4","yellow"
"ADAP1","blue"
"ELOF1","brown"
"CRABP2","green"
"MIGA2","blue"
"TLE3","green"
"PUDP","grey"
"NBPF12","pink"
"MKLN1","turquoise"
"SCYL1","blue"
"USP16","pink"
"ASCL2","blue"
"BCL9L","red"
"DOK3","yellow"
"TTC38","brown"
"PLP2","yellow"
"PKP4","turquoise"
"CTDP1","green"
"LRRC23","blue"
"LYPD3","blue"
"TNNC1","brown"
"TRPS1","turquoise"
"HAVCR2","salmon"
"RSBN1L","turquoise"
"GAB1","turquoise"
"SAXO2","grey"
"ISOC1","turquoise"
"TXN2","brown"
"PPIF","grey"
"SGSM3","brown"
"FBXL20","turquoise"
"MEN1","brown"
"DDX17","pink"
"SLMAP","turquoise"
"FLYWCH1","blue"
"HSPD1","red"
"ZFC3H1","turquoise"
"TSEN34","green"
"OSGEP","brown"
"MCRS1","brown"
"TMEM129","blue"
"LCAT","blue"
"TPRA1","blue"
"DYNLT1","turquoise"
"RTL8A","blue"
"KLF13","turquoise"
"MEPCE","brown"
"STX1A","blue"
"PNP","brown"
"SREBF1","blue"
"SETD2","turquoise"
"DGLUCY","pink"
"RNF125","pink"
"SWI5","blue"
"FAM13B","turquoise"
"SERPINB9","pink"
"ABCC6","grey"
"C11orf98","brown"
"SCPEP1","turquoise"
"NUP214","green"
"TGFB1I1","purple"
"INF2","blue"
"MPI","brown"
"PAOX","brown"
"EIF5A","brown"
"NECTIN1","green"
"ZFAND2B","blue"
"AK5","brown"
"CCT2","brown"
"CLSTN1","red"
"XPO6","turquoise"
"ATP6V1F","brown"
"DOHH","blue"
"BAG1","blue"
"MPDU1","brown"
"ZBTB43","turquoise"
"AKAP10","turquoise"
"TRAM1","pink"
"SIRT7","blue"
"FAM214A","turquoise"
"ZNF664","pink"
"ZNF776","turquoise"
"BCLAF3","turquoise"
"PAX5","grey"
"CBFA2T3","blue"
"CXCL6","grey"
"CNPY2","brown"
"RGL1","grey"
"ME2","turquoise"
"AP3B1","turquoise"
"PPM1B","turquoise"
"PDK3","turquoise"
"SNX22","blue"
"CNTRL","turquoise"
"CDS2","turquoise"
"CHRNA10","green"
"CLNS1A","red"
"GPRASP1","red"
"AIG1","blue"
"METTL7A","pink"
"DEK","turquoise"
"TMEM81","green"
"ZBTB48","blue"
"CAST","turquoise"
"NARS1","pink"
"HNRNPA2B1","pink"
"CIC","blue"
"GRAMD1B","black"
"SLC66A3","salmon"
"TYSND1","brown"
"POLR2B","pink"
"PDIA5","tan"
"UBQLN2","turquoise"
"ZNF775","blue"
"HYPK","blue"
"TOMM5","brown"
"TAZ","blue"
"POLR1E","brown"
"C11orf68","blue"
"NARF","green"
"JARID2","turquoise"
"KLHL28","turquoise"
"G6PD","blue"
"CFAP58","turquoise"
"SETD7","turquoise"
"SCAF1","blue"
"SLC44A1","turquoise"
"MCMBP","turquoise"
"CNDP2","salmon"
"CRACR2A","turquoise"
"DOK1","blue"
"COPB2","turquoise"
"SIAE","turquoise"
"EIF4A1","brown"
"DENND3","turquoise"
"SSH3","green"
"RPL22L1","brown"
"NOMO2","brown"
"TSTD2","pink"
"SCP2","pink"
"NDUFS5","brown"
"PFKP","brown"
"SLC8B1","blue"
"SLC27A4","blue"
"SHMT1","magenta"
"PET100","blue"
"JAK3","yellow"
"OXCT1","brown"
"PRNP","pink"
"IL17RA","turquoise"
"PCYT2","blue"
"CSNK1G2","blue"
"TMEM234","green"
"ARL3","green"
"ZNF319","yellow"
"CD58","turquoise"
"YPEL2","turquoise"
"ATP5MC2","brown"
"IKBKG","blue"
"LEMD3","turquoise"
"RAB3GAP2","turquoise"
"ZBTB37","turquoise"
"MTURN","purple"
"PIK3R1","pink"
"TENT5A","black"
"ABCD1","blue"
"SNTA1","blue"
"RNF44","turquoise"
"ACSF3","blue"
"APOBEC3F","brown"
"CCNQ","blue"
"VSIR","green"
"DTL","magenta"
"TSPAN5","cyan"
"CFAP36","brown"
"RNF138","turquoise"
"MDH1","red"
"CRTAP","brown"
"GLOD4","red"
"TRMT1L","turquoise"
"MCM5","brown"
"CAVIN3","blue"
"DCK","pink"
"SYNCRIP","pink"
"TICAM2","turquoise"
"XYLT1","turquoise"
"NACA2","blue"
"PAPOLA","turquoise"
"NT5E","red"
"TBC1D2","blue"
"EPS15","turquoise"
"SLC35C2","blue"
"RTN3","turquoise"
"FPR3","salmon"
"KLF11","salmon"
"SMCR8","turquoise"
"RABGAP1L","salmon"
"QPCTL","brown"
"RPS9","brown"
"CSAD","turquoise"
"SPINT2","blue"
"STK16","green"
"TMEM30A","turquoise"
"CANX","pink"
"TRIM34","turquoise"
"SP100","turquoise"
"ATAD2B","turquoise"
"DAPK1","turquoise"
"ANXA5","pink"
"PELI3","blue"
"BCL2L11","turquoise"
"NPIPB12","blue"
"NBPF15","red"
"ANK1","cyan"
"EMC10","blue"
"CC2D1A","blue"
"NDUFA12","brown"
"WWP1","pink"
"LCP2","turquoise"
"USB1","yellow"
"ADRM1","blue"
"ENDOD1","purple"
"MTSS1","pink"
"QARS1","brown"
"NUAK2","turquoise"
"TNFAIP8L2","blue"
"GPX3","blue"
"C11orf80","brown"
"PHF2","turquoise"
"PLEKHG3","blue"
"ATP7A","turquoise"
"ANKRD13A","turquoise"
"SLC41A3","brown"
"NDE1","turquoise"
"KIR2DL1","red"
"RPS25","brown"
"LY6G6D","grey"
"HNRNPK","pink"
"ASB13","blue"
"VRK1","magenta"
"ESYT2","pink"
"APOL4","grey"
"TLR9","green"
"NEIL1","blue"
"GPR65","turquoise"
"KBTBD2","turquoise"
"PAQR4","blue"
"MAP3K14","brown"
"IL2RA","brown"
"CSNK1E","brown"
"LXN","turquoise"
"RPL24","brown"
"CELA1","blue"
"IGFBP3","brown"
"PAICS","tan"
"PTGER4","turquoise"
"PHF24","yellow"
"RBPJ","turquoise"
"KLHL21","yellow"
"FAM107B","turquoise"
"YWHAH","turquoise"
"GSS","brown"
"SLC18B1","red"
"OSTC","brown"
"BTBD10","turquoise"
"OLFM2","brown"
"NPIPB5","turquoise"
"CYP2D6","blue"
"RPL26","brown"
"FLJ44635","blue"
"SAA1","grey"
"ASXL2","turquoise"
"SNRPB","brown"
"RRN3","pink"
"ETV3","turquoise"
"STEAP3","grey"
"LZTS2","blue"
"CLIC2","yellow"
"SH2D4A","yellow"
"ARL17A","brown"
"POU2F2","brown"
"TTYH3","brown"
"CD84","pink"
"THBS3","green"
"P4HTM","brown"
"PPP3CA","turquoise"
